HS_CEEB,HS_CITY,HS_NAME,HS_POSTAL_CD,HS_STATE
051546,Irwindale,opportunities for learning,90221,CA
053904,Los Angeles,view park prep accelerated hs,90043,CA
060336,Colorado Springs,atlas preparatory school,80910-3710,CO
060406,Denver,escuela tlatelolco,80211,CO
100553,Gainesville,oak hall school,32607,FL
310836,Morristown,fusion academy - morristown,07960,NJ
054150,Santa Ana,hector godinez fundamental hs,92704,CA
061201,Pueblo,rocky mountain digital academy,81003-2801,CO
100576,Fernandina Beach,ogburn school,32035,FL
380786,Oregon City,clackamas middle college,97045,OR
834250,San Jose     Costa Rica,lincoln school 565-20,,
054451,Los Angeles,humanitas ac art tech-torres,90062,CA
054772,Huntington Park,alliance margaret bloomfield,90255,CA
220330,Boston,newman preparatory school,02116,MA
442258,El Paso,academy science & technology,79915,TX
450323,Provo,heritage school,84603,UT
101213,Neptune Beach,beaches chapel school,32266,FL
102550,Santa Rosa Beach,seacoast collegiate high sch,32459,FL
242202,Saint Louis Park,benilde-st margaret's school,55416,MN
333737,New York,nest plus m-new explorations,10002,NY
372640,Oklahoma City,casady school,73156-0390,OK
392295,Lititz,linden hall school for girls,17543,PA
443556,Irving,highlands school,75062,TX
500505,Delafield,st john's nw military academy,53018,WI
200037,Lewiston,north atlantic regional hs,04240,ME
431391,Eads,briarcrest christian school,38028,TN
544995,San German,escuela sec san german interam,00683,PR
220657,Cummington,academy at swift river,01026,MA
320626,Santa Fe,santa fe preparatory school,87501,NM
441827,Richardson,alexander school,75081,TX
445581,Plano,einstein school,75093-5651,TX
061074,Denver,cornerstone christian academy,80260,CO
110181,Atlanta,horizons school,30307,GA
143698,Rockford,christian life center hs,61114-6448,IL
445869,Grande City,grulla high school,78582,TX
447268,Victoria,victoria west high school,77905,TX
450315,Provo,new haven school,84605,UT
471851,Richmond,governors school,23220,VA
351840,West Fargo,west fargo sheyenne high sch,58078,ND
394140,Reading,central catholic high school,19602,PA
400228,Wakefield,prout school,02879,RI
545123,San Juan,cedin laboratory school,00919-1293,PR
054846,Van Nuys,ilead innovation studios,91411,CA
060395,Denver,denver christian high school,80210,CO
394462,Sellersville,faith christian academy,18960,PA
450189,Layton,dorius academy,84041,UT
480551,Kirkland,puget sound adventist academy,98033,WA
054790,Grass Valley,sierra academy of exped learn,95945-7210,CA
070220,Greenwich,convent of sacred heart,06831,CT
100014,Altamonte Spring,champion preparatory academy,32714,FL
230860,Novi,detroit catholic central hs,48374,MI
334042,New York,school for young performers,10025,NY
390363,Bloomsburg,keystone national high school,17815,PA
394131,Radnor,archbishop carroll high school,19087,PA
441857,Dallas,hampton preparatory school,75232,TX
051389,Lancaster,desert christian high school,93536,CA
100907,Maitland,international community school,32751,FL
101388,Pensacola,a beka acad video homeschooler,32523,FL
443663,Houston,fusion academy - houston galle,77056-6633,TX
444798,San Antonio,kipp univ prep high school,78212-3024,TX
542588,Humacao,palmas academy,00791,PR
734981,Apo,general h h arnold high school,09096,AE
054072,Chula Vista,olympian high school,91915,CA
060111,Boulder,shining mountain waldorf sch,80304,CO
162470,Le Mars,gehlen catholic high school,51031,IA
991531,Thomasville,thomasville high scholars acad,31792,GA
USCHSD,,concurrent high school diploma,,
100160,Bradenton,edison academic center,34209,FL
310165,Burlington,st mary's hall/doane academy,08016,NJ
365769,Worthington,ohio connections academy,43085,OH
372365,Enid,oklahoma bible academy,73703-3433,OK
392609,Springfield,pennsylvania cyber charter sch,19064,PA
053716,Watsonville,saint francis cntrl coast cath,95076,CA
060961,Englewood,hope co-op online learning acd,80122,CO
130307,Sun Valley,community school,83353,ID
333150,Mineola,chaminade high school,11501,NY
410418,Charleston,charleston math-sci charter,29403,SC
450137,Hurricane,sunrise academy,84737,UT
054254,Los Angeles,academic leadership community,90017,CA
054718,Los Angeles,episcopal school los angeles,90038,CA
060589,Fort Collins,front range baptist academy,80525,CO
140658,Chicago,uic college prep,60608,IL
310452,Hackensack,academy for med science tech,07601,NJ
332140,Goshen,john s burke catholic hs,10924,NY
371187,Edmond,oklahoma christian school,73083-0509,OK
030619,Gilbert,williams field high school,85285,AZ
061358,Thornton,mesa-mapleton exped sch arts,80229,CO
431655,Nashville,david lipscomb high school,37204,TN
102458,Bonita Springs,wilostar3d academy,34134,FL
362175,Fostoria,saint wendelin high school,44830,OH
443726,Katy,obra d tompkins high school,77494-2678,TX
480067,Sammamish,eastside catholic high school,98074,WA
I00466,Brasilia   70200-65 Brazil,american school of brasilia,,
050726,Walnut Creek,hyde park school,94596,CA
052123,Thousand Oaks,trinity pacific christian sch,91360,CA
060403,Denver,denver waldorf high school,80206,CO
100981,Miami,university high school,33176,FL
110068,Alpharetta,veritas classical schools,30004,GA
110293,Atlanta,provost academy georgia,30303,GA
221643,North Dartmouth,bishop stang high school,02747,MA
330025,Albany,academy of holy names upper sc,12208,NY
341801,Hendersonville,heritage hall school,28792,NC
450222,Murray,la europa academy,84157,UT
130060,Boise,river stone community school,83716,ID
220901,Great Barrington,great barrington waldorf hs,01230-0905,MA
054788,Huntington Park,renuevo leadership academy,90255,CA
290039,Carson City,free world u,89703,NV
372729,Oklahoma City,able charter school,73118,OK
380080,Beaverton,valley catholic high school,97007,OR
446242,San Antonio,rick hawkins high school,78213,TX
446684,Spring,providence classical school,77379,TX
471948,Roanoke,community school,24009,VA
051058,Los Angeles,ribet academy,90065,CA
052828,San Diego,halstrom high school-san diego,92108,CA
053582,Upland,upland christian school,91786,CA
054297,San Jose,cambrian international academy,95124,CA
222176,Wakefield,nazareth academy,01880,MA
320545,Roswell,new mexico military inst hs,88201,NM
320545,Roswell,new mexico military institute,88201,NM
411849,Spartanburg,oakbrook preparatory school,29301,SC
443192,Heath,fulton academy rockwall county,75032,TX
450291,Park City,winter sports sch in park city,84060,UT
061192,Pueblo,dolores huerta preparatory hs,81003,CO
190595,Covington,saint scholastica academy,70434,LA
221810,Quincy,woodward school for girls,02169,MA
380850,Portland,central catholic high school,97214,OR
310454,Hackensack,academy for bus & comp tech,07601,NJ
574020,Apo,shape american high school dod,09705,AE
574020,Apo,shape american high school,09705,AE
320133,Albuquerque,southwest aeronautics mathemat,87120,NM
336023,Shady,woodstock day school,12409,NY
400180,Providence,moses brown school,02906,RI
443593,Houston,rainard school,77043,TX
470433,Charlottesville,covenant school,22902,VA
480834,Lacey,northwest christian high sch,98516,WA
544800,San Juan,commonwealth parkville school,00918,PR
320687,Thoreau,st bonaventure high school,87323,NM
061308,Steamboat Springs,christian heritage school,80487,CO
070373,Manchester,east catholic high school,06042,CT
090155,Washington,saint anselms abbey school,20017,DC
241494,Stillwater,saint croix christian academy,55082,MN
310915,Livingston,newark academy,07039,NJ
320620,Santa Fe,saint michaels high school,87505,NM
460446,Sutton,the king george school,05867,VT
480345,Edmonds,solomon christian school,98026,WA
042162,Rogers,benton county christian school,72758-6307,AR
070912,Westbrook,oxford academy,06498,CT
150209,Bloomington,harmony school,47402,IN
333490,New York,browning school,10021,NY
635920,Washington,international school of dakar,20521,DC
052504,Pomona,pomona catholic high school,91768,CA
060941,Longmont,pleasant hill academy,80501,CO
320076,Albuquerque,public academy performing arts,87110,NM
441750,Dallas,hockaday school,75229,TX
444357,Lubbock,texas technical univeristy hs,79409,TX
052300,Oxnard,santa clara high school,93033,CA
060361,Delta,delta vision home & comm prgm,81416,CO
090165,Washington,saint albans school for boys,20016,DC
140830,Chicago,francis w parker school,60614-3820,IL
310353,Englewood,law and public safety academy,07631,NJ
320299,Gallup,univ nm gallup middle coll hs,87301,NM
110264,Atlanta,yeshiva atlanta,30340,GA
110264,Atlanta,atlanta jewish academy,30340,GA
143237,Burbank,saint laurence high school,60459-1300,IL
311430,Summit,oak knoll school,07901,NJ
392107,Lancaster,dayspring christian academy,17601,PA
442638,Frisco,lones star high school,75033-3589,TX
450312,Provo,brigham young univ indep hs,84602,UT
192030,New Orleans,holy cross high school,70122,LA
220050,Ashburnham,cushing academy,01430,MA
260734,Columbia,mu high school - univ of mo,65211,MO
260734,Columbia,u of mo-columbia high school,65211,MO
260783,Saint Louis,whitfield school,63131,MO
372786,North Owasso,rejoice high school,74055,OK
445580,Terrell,poetry community christian sch,75160-0642,TX
054279,Oakland,bayhill high school,94610,CA
181570,Louisville,louisville collegiate school,40204-0369,KY
342527,Matthews,carmel christian school,28105,NC
041453,Little Rock,little rock christian academy,72222,AR
052708,Sacramento,capital christian high school,95827,CA
060502,Denver,summit academy,80236,CO
111841,Lilburn,tnt academy,30047,GA
480134,Burien,highline big picture hs,98148,WA
060222,Pueblo,aim global,81003-2801,CO
262147,Maryville,missouri academy sci math comp,64468,MO
334864,Tarrytown,ef international academy,10591,NY
360090,Akron,saints vincent & mary hs,44303,OH
441712,Dallas,dallas international school,75230,TX
444842,Mission,pioneer high school,78753,TX
060440,Aurora,excelsior high school,80014,CO
102015,Ocala,hale academy,34474,FL
111994,Woodstock,noah webster center,30188,GA
130064,Bovill,idaho distance education acad,83806,ID
311278,Princeton,stuart cntry day scl sac hrt,08540,NJ
445129,Austin,harmony schl of political sci,78717-1020,TX
446789,Sugarland,harmony school of sci- houston,77478,TX
060369,Highlands Ranch,jim elliot schools,80163,CO
120023,Honolulu,honolulu waldorf school,96816,HI
335540,Tarrytown,hackley school,10591,NY
053411,Sonoma,soloquest learning center,95476,CA
053886,Livermore,vineyard high school,94550,CA
100941,Largo,indian rocks christian school,33774,FL
101579,Sarasota,out of door academy high sch,34240,FL
393130,Ottsville,tinicum art and science,18942,PA
444050,Laredo,saint augustine high school,78040,TX
450238,Salt Lake City,salt lake gateway academy,84106,UT
502036,St Croix Fls,valley christian school,54024,WI
030661,Scottsdale,scottsdale prepatory academy,85260,AZ
053512,Torrance,bishop montgomery high school,90503,CA
142510,Lake Forest,woodlands academy,60045-3263,IL
431673,Nashville,metro nashville virtual school,37212,TN
441940,Denton,billy c ryan high school,76208,TX
577140,Apo,vicenza american school dod,09630,AE
842310,Miami,international school of sosua,33144,FL
260123,Ava,ava victory academy,65608,MO
380898,Portland,pauling academy,97266,OR
481116,Seattle,john f kennedy cath high sch,98168,WA
561650,Apo,kadena high school dod,96368,AP
I01758,Lima       18       Peru,colegio franklin d roosevelt,,
052843,San Diego,francis w parker school,92111,CA
054753,Manhattan Beach,halstrom academy,90245,CA
054814,Burlingame,design tech high school,94010,CA
070720,Stamford,king (klht),06905,CT
070720,Stamford,king school,06905,CT
100823,Juno Beach,juno beach preparatory school,33408,FL
101105,Village of Palme,westminster christian school,33157,FL
151729,Indianapolis,irvington prep academy,46219-7222,IN
200390,Fryeburg,fryeburg academy,04037,ME
430304,Chattanooga,chattanooga st middle coll hs,37406,TN
231225,Detroit,university detroit jesuit hs,48221,MI
432139,Smyrna,lancaster christian academy,37167,TN
576260,APO,stuttgart american high school,09279,AE
070252,Groton,marine science magnet high sch,06340,CT
233507,Sterling Heights,utica academy international st,48312,MI
241585,Richfield,academy of holy angels,55423,MN
320408,Las Cruces,arrowhead park early coll high,88011-5129,NM
335370,Staten Island,richmondtown preparatory sch,10306,NY
542197,Gurabo,american academy,,PR
010018,Helena,hillsboro school,35080,AL
030690,Queen Creek,poston butte high school,84143,AZ
150219,Bloomington,indiana university high school,47405,IN
210300,Brooklandville,maryvale preparatory school,21022,MD
210580,Owings Mills,garrison forest school,21117,MD
221545,Needham,saint sebastians school,02492,MA
395230,Westtown,westtown school,19395,PA
440533,Beaumont,texas ac leadership humanities,77710,TX
544771,San Juan,saint marys school,00926,PR
052487,Playa Del Rey,saint bernard catholic hs,90293,CA
070219,Greenwich,brunswick school,06830,CT
431417,Memphis,harding academy of memphis,38117,TN
442489,Fort Worth,young womens leadership acad,76102,TX
450346,Layton,nuames early college high sch,84041,UT
575020,APO,lakenheath high school dod,09461-5107,AE
575020,Brandon Su Ip27 9pn United Kin,lakenheath american high sch,,
111405,Gainesville,riverside military academy,30501,GA
164165,Storm Lake,saint marys school,50588,IA
320530,Rehoboth,rehoboth christian school,87322,NM
101136,Miami,trinity episcopal school,33156,FL
181604,Louisville,saint francis high school,40202-2113,KY
320628,Santa Fe,santa fe secondary school,87501,NM
525155,Barrigada,harvest christian academy,96921,GU
054515,San Francisco,san francisco international hs,94110,CA
060123,Denver,north high sch engagement ctr,80211-3795,CO
060939,Littleton,rock solid high school,80121,CO
070850,Waterbury,chase collegiate school,06708,CT
231820,Grosse Pointe,university liggett school,48236,MI
051541,Livermore,livermore valley charter prep,94551,CA
333905,New York,regis high school,10028,NY
012137,Phenix City,glenwood school,36868,AL
050020,Alameda,saint joseph-notre dame hs,94501,CA
052007,Mission Viejo,saddleback christian academy,92691,CA
053947,Novato,marin school of arts & tech,94949,CA
192023,Metairie,ecole classique,70006,LA
350575,Fargo,shanley high school,58104,ND
372661,Oklahoma City,francis tuttle area tech ctr,73142-2710,OK
112629,Alpharetta,saint francis high school,30004,GA
231726,Wyoming,potter's house christian hs,49509,MI
310249,Clifton,pioneer academy of science,07011,NJ
394295,Bangor,pius x high school,18013,PA
430413,Collierville,saint georges high school,38017,TN
053335,Santa Rosa,ursuline high school,95403,CA
054092,Aliso Viejo,capistrano connections academy,92656,CA
054092,Aliso Viejo,connections academy capistrano,92656,CA
110043,Albany,deerfield-windsor school,31707,GA
394502,Hermitage,kennedy catholic high school,16148,PA
542110,Guaynabo,american military academy,00970,PR
561980,Apo,zama american high school dod,96343,AP
050208,Bakersfield,bakersfield christian high sch,93312,CA
241157,Hopkins,main street school perf arts,55343,MN
251044,Greenville,washington school,38703,MS
262834,Springfield,gloria deo academy,65809,MO
270030,Ashland,saint labre indian catholic hs,59003,MT
290229,Las Vegas,adelson upper school,89134,NV
290229,Las Vegas,the adelson school,89134-0100,NV
333425,New York,baldwin school n y c,10023,NY
334859,Rochester,world of inquiry high school,14621,NY
335400,Staten Island,staten island academy,10304,NY
381042,Portland,early college high school,97229,OR
445414,Pearland,dawson high school,77581,TX
576100,Apo,spangdahlem hs dod,09123,AE
576100,Apo,bitburg american hs dod,09126,AE
053977,San Marcos,bayshore prep,92069,CA
080002,Bear,caravel academy,19701,DE
260722,Columbia,columbia independent school,65215,MO
300251,Haverhill,oliverian school the,03765,NH
440334,Austin,griffin school,78751,TX
540580,Arecibo,colegio evangelico capt correa,00614,PR
053244,Santa Barbara,anacapa school,93108,CA
060486,Denver,southwest early college,80236,CO
220552,Charlemont,academy at charlemont,01339,MA
470856,Forest,timberlake christian school,24551,VA
060032,Longmont,apex homeschool enrichment pro,80501,CO
060419,Denver,bishop machebeuf high school,80230,CO
210812,Brooklandville,park school of baltimore,21022,MD
220409,Boston,william j ostiguy hs,02111,MA
242273,Saint Paul,jennings experiential hs,55104,MN
320111,Albuquerque,nex gen high school,87109,NM
525080,Hagatna,father duenas memorial school,96932,GU
053654,Ventura,saint augustine academy,93004,CA
060426,Denver,mile high academy,80210,CO
441946,Denton,john h guyer high school,76210,TX
151908,Lafayette,faith christian school,47905,IN
233382,Saint Joseph,michigan lutheran high school,49085,MI
341045,Durham,camelot academy,27707,NC
410413,Charleston,palmetto academy,29407,SC
442270,El Paso,mission early college hs,79928,TX
550084,Kingshill,saint croix edu complex hs,00850,VI
575505,Apo,afnorth international sch dod,09703,AE
575505,Apo,afnorth school dod,09703,AE
052836,El Cajon,christian junior senior hs,92019,CA
053989,Fremont,alsion montessori middle/high,94539,CA
100168,Boca Raton,weinbaum yeshiva high school,33433,FL
261612,Kansas City,blue ridge christian school,64138,MO
330030,Albany,doane stuart school,12202,NY
331931,Flushing,windsor school,11355,NY
481089,Seattle,interagency academy,98108,WA
481471,Vancouver,seton catholic college prep hs,98684,WA
481606,Yakima,christa mcauliffe academy,98908,WA
053836,Solana Beach,cal coast academy,92075,CA
101992,Coconut Grove,acad arts & minds charter hs,33133,FL
460346,Randolph Ctr,vermont acad science and tech,05061,VT
053354,North Hills,centers of learning,91393,CA
161748,Gilbertville,don bosco high school,50634,IA
230087,Ann Arbor,greenhills school,48105,MI
281227,Kearney,kearney catholic high school,68848,NE
010332,Birmingham,briarwood christian hs,35242,AL
051843,Los Angeles,yeshiva univ hs los angeles,90035,CA
191162,Harvey,jefferson chamber foundation,70058,LA
331927,Flushing,holy cross high school,11358,NY
442574,Fort Worth,west academy,76110,TX
481149,Seattle,health sci and human svcs hs,98146,WA
910040,Apo,american school belo horizonte,34030,AA
260782,Saint Louis,saint louis priory school,63141,MO
262905,Saint Joseph,bishop le blond high school,64506,MO
335576,Tonawanda,cardinal ohara high school,14150,NY
950824,Miami,international sch of monagas,33102,FL
101616,Ocala,trinity catholic high school,34474,FL
443644,Houston,benjamin o davis jr high schoo,77067-4253,TX
450242,Oakley,oakley school,84055,UT
050132,Arcadia,first presbyterian school,91007,CA
060129,Broomfield,front range academy,80020,CO
290079,Henderson,advantages online private sch,89052,NV
310451,Hackensack,acad for cul vis tele & power,07601,NJ
332369,Glen Cove,solomon schechter high school,11542,NY
576325,Apo,stuttgart high school dod,09107,AE
576325,Apo,patch american high school dod,09107,AE
051567,Santa Monica,concord high school,90403,CA
054095,Sacramento,np3 charter high school,95834-9606,CA
190244,Baton Rouge,dunham school,70810,LA
544760,San Juan,univ puerto rico secondary sch,00931,PR
030191,Laveen,estrella mountain high school,85339,AZ
100897,Lakeland,santa fe catholic regional hs,33801,FL
101836,West Palm Beach,summit christian high school,33415,FL
140991,Chicago,itw david speer academy,60639,IL
233193,Riverview,gabriel richard high school,48192,MI
440008,Abilene,abilene christian schools,79601,TX
441947,Denton,denton calvary academy,76202,TX
210069,Towson,jemicy school-towson campus,21204,MD
320597,Santa Fe,desert academy,87501,NM
051512,Los Altos Hills,pinewood school,94022,CA
053142,San Jose,harker school,95129,CA
060333,Colorado Springs,early college hs d-11,80909-1921,CO
333870,New York,notre dame school,10014,NY
372684,Oklahoma City,oklahoma school of sci & math,73104-2847,OK
446239,San Antonio,william j brennan high school,78253,TX
481593,Woodinville,chrysalis school,98072,WA
577099,Apo,aviano american hs dod,09604,AE
030697,Peoria,glendale prep academy,85383-1621,AZ
060619,Fowler,faith christian academy,81039,CO
140693,Chicago,chicago bulls college prep,60612,IL
431095,Knoxville,knoxville catholic high school,37923,TN
446216,San Antonio,stem early college hs alamo,78214,TX
540792,Bayamon,baldwin school of puerto rico,00960,PR
052432,Pasadena,options for youth-san gabriel,91101,CA
053255,Santa Barbara,laguna blanca school,93110,CA
060684,Grand Junction,mesa valley vision home cmnty,81501-2115,CO
200825,Portland,catherine mcauley high school,04103,ME
333570,New York,columbia grammar & prep school,10025,NY
360955,Cincinnati,cincinnati country day school,45243,OH
444337,Lubbock,all saints episcopal school,79423,TX
470814,Falls Church,interagency alternative school,22042,VA
472170,Staunton,stuart hall,24401,VA
480391,Everett,archbishop thomas j murphy hs,98208,WA
I02372,Rabat        Morocco,rabat american school,,
050854,Culver City,star academy,90232,CA
443466,Houston,woodland acres chrstn school,77054,TX
541045,Caguas,escuela sec especial cimatec,00725,PR
542220,Hatillo,colegio nuestra sra del carmen,00659,PR
011492,Huntsville,westminster christian academy,35814,AL
020182,Anchorage,grace christian school,99516-2802,AK
050712,Culver City,venture school,90230,CA
281719,Omaha,mercy high school,68106,NE
430887,Hendersonville,aaron academy,37075,TN
541040,Caguas,notre dame high school,00726,PR
030134,Glendale,joy christian school,85308,AZ
030236,Nogales,lourdes college preparatory hs,85621,AZ
054493,Santa Clarita,albert einstein academy of let,91355,CA
060396,Denver,denver academy,80222,CO
310457,Hackensack,bergen arts & sci charter sch,07601,NJ
030158,Gilbert,surrey garden christian school,85296,AZ
163779,Rock Rapids,alpha omega academy,51246,IA
543083,Manati,colegio marista,00674,PR
060535,Englewood,saint marys academy hs,80113,CO
060555,Denver,riseup community school,80204,CO
102231,Miami,miami arts charter school,33137,FL
240888,Fridley,totino-grace high school,55432,MN
440222,Grand Prairie,international leadership texas,75052,TX
051298,Irvine,crean lutheran high school,92620,CA
141349,Chicago,greater lawndale hs soc jus,60623,IL
310986,Newark,newark collegiate academy,07102,NJ
333380,New Rochelle,thornton donovan school,10804,NY
446215,San Antonio,john paul steven high school,78251,TX
051652,Los Angeles,lausd/usc math sci tech sch,90007,CA
053681,Walnut,south lands chrtn high school,91789,CA
054053,Los Angeles,miguel contreras lrng complex,90017,CA
060518,Greeley,greeley-evans alternative prog,80631,CO
335352,Staten Island,monsignor farrell high school,10306,NY
446119,San Antonio,business careers high school,78238,TX
541351,Cayey,radians high school,00737,PR
788186,Washington,tashkent intl school,20521,DC
030700,Phoenix,tesseract school,85028-3400,AZ
053840,Chula Vista,calvary christian jr & sr hs,91913,CA
140884,Chicago,instituto health sci career ac,60608,IL
393426,Philadelphia,performing arts sch of phila,19118,PA
DH0010,Ontario,valiant academy of southern ca,91764-5104,CA
051784,Los Angeles,summit view west school,90066,CA
054600,San Diego,coleman tech charter school hs,92123,CA
060098,Longmont,desiderata school inc,80503,CO
060673,Golden,mscd lab school lookout mtn,80401,CO
070765,Suffield,suffield academy,06078,CT
361833,Dayton,miami valley school,45429,OH
431723,Nashville,gateway academy,37215,TN
576360,Apo,wiesbaden high school dod,09096,AE
060454,Denver,denver street school,80218,CO
070945,Windsor,loomis chaffee school,06095,CT
130507,Post Falls,saint dominic school,83854,ID
220437,Brockton,cardinal spellman high school,02302,MA
052021,Modesto,big valley christian hs,95356,CA
060447,Denver,ps 1 charter school,80204,CO
543872,Ponce      00730    Puerto Ric,caribbean school,,
060551,Estes Park,eagle rock sch prof dev center,80517,CO
111269,Fairburn,our lady of mercy catholic hs,30213,GA
331036,Bronx,"new york city charter arch, en",10451,NY
400085,Newport,saint georges school,02840,RI
446158,San Antonio,keystone school,78212,TX
151753,Indianapolis,lighthouse college prep acad,46203,IN
334090,New York,trinity school,10024,NY
391320,Erie,villa maria academy,16505,PA
431423,Selmer,homelife academy,38375,TN
447309,Waco,rapoport academy-meyer hs,76704,TX
576060,Apo,baumholder american hs dod,09034,AE
625025,Apo,casablanca american sch dod,09718,AE
648300,APO,cairo american college dod,09839-4900,AE
648300,Cairo      11431    Egypt,cairo american college,,
173205,Wichita,wichita eschool,67202,KS
190203,Baton Rouge,christian life academy,70808,LA
381114,Springfield,academy of arts and academics,97478,OR
393252,Philadelphia,gateway to college,19130,PA
541781,Dorado,tasis school in dorado,00646,PR
870760,Garza Garc 66220    Mexico,american school foundation,,
054599,Woodland Hills,fusion academy - warner center,91367,CA
054752,Los Angeles,halstrom academy - brentwood,90025,CA
143709,Rockford,lutheran high school,61114-4801,IL
180198,Benton,christian fellowship school,42025-7024,KY
334972,Rye,school of the holy child,10580,NY
393940,Pittsburgh,vincentian academy,15237,PA
546040,San Juan,robinson school,00907,PR
054345,Indio,shadow hills high school,92203-9482,CA
070646,Danbury,werace adult diploma,06810,CT
090073,Washington,field school,20008,DC
140748,Chicago,ogden international sc chicago,60642,IL
141122,Chicago,robert lindblom math-sci acad,60636-2100,IL
141230,Chicago,saint patrick high school,60634,IL
335687,Utica,notre dame jr-sr high school,13502,NY
481081,Seattle,educational advancement acad,98115,WA
053571,Tustin,pacific coast high school,92780,CA
060373,Colorado Springs,spring studio for academic exc,80908-5005,CO
060373,Colorado Springs,falcon virtual academy,80908-5005,CO
130399,Meridian,rocky mountian high school,83646,ID
370476,Tulsa,saint augustine academy,74114-6414,OK
541001,Caguas,thomas alva edison school,00725,PR
DH0005,Westminster,goal academy,80030,CO
DOMHSC,,domestic high school,,
050446,Capitola,santa cruz alternative,95010,CA
051711,Mountain View,german intl sch silicon valley,94043,CA
053648,Ventura,el camino high school,93003,CA
070972,Woodstock,hyde school woodstock,06281,CT
171305,Haysville,haysville alternative hs,67060,KS
222365,Medford,saint clement high school,02155,MA
250150,Bay Saint Louis,saint stanislaus college prep,39520,MS
333520,New York,cathedral high school,10022,NY
431435,Memphis,lausanne collegiate school,38120,TN
101686,Tampa,berkeley preparatory school,33615,FL
110797,College Park,woodward academy,30337,GA
151654,Indianapolis,bishop chatard high school,46220,IN
232355,Livonia,ladywood high school,48154,MI
333691,New York,hs math sci eng at city coll,10031,NY
430353,Clarksville,clarksville academy,37040,TN
471648,Oakton,flint hill school,22124,VA
480066,Bellevue,academic institute inc,98005,WA
050260,Bellflower,saint john bosco high school,90706,CA
060739,Highlands Ranch,skyview academy high school,80130-3605,CO
060739,Highlands Ranch,sky view academy,80130-3605,CO
142415,Kankakee,bishop mcnamara high school,60901-2060,IL
220222,Boston,commonwealth school,02116,MA
261627,Kansas City,southwest early coll campus,64113,MO
311261,Princeton,lewis school,08540,NJ
445574,Plano,willow bend academy,75075,TX
543425,Mayaguez,southwestern educational soc,00681,PR
053277,Santa Clara,saint lawrence academy,95051,CA
061436,Westminster,insight school of colorado,80031,CO
172675,Salina,sacred heart jr-sr high school,67401,KS
320553,Roswell,valley christian academy,88201,NM
393220,Bryn Mawr,country day sch sacred heart,19010,PA
440367,Austin,veritas academy,78749,TX
470040,Alexandria,st stephens & st agnes school,22304,VA
470806,Centreville,ad fontes academy,20122,VA
000437,Downey,st matthias high school,90242,CA
060295,Colorado Springs,saint marys high school,80932,CO
130509,Post Falls,immaculate conception academy,83877,ID
262073,Manchester,john f kennedy catholic hs,63011,MO
310449,Hackensack,academy advancement sci & tech,07601,NJ
344438,Winston Salem,univ of nc sch of arts hs,27127,NC
365841,Reynoldsburg,reynoldsburg estem academy,43068,OH
030506,Tucson,saint gregory coll prep sch,85712,AZ
051966,Mission Viejo,halstrom hs-mission viejo,92691,CA
051966,Laguna Hills,halstrom academy-mission viejo,92653,CA
130026,Naples,northwest academy,83847,ID
181102,Hawesville,liberty christian school,42348-5463,KY
330535,Bronx,1199 school social change,10461,NY
335935,White Plains,acad of our lady good counsel,10603,NY
392040,Kingston,wyoming seminary,18704,PA
481368,Tacoma,charles wright academy,98467,WA
030373,Rimrock,copper canyon academy,86335,AZ
140176,Aurora,aurora christian schools,60506-6206,IL
334148,New York,marsha stern talmudical acad,10033,NY
DH0004,Longmont,universal high school,80503,CO
030658,Scottsdale,rancho solano prep school,85258,AZ
041414,Little Rock,arkansas baptist high school,72223-4402,AR
054006,Santa Barbara,garden street academy,93105,CA
060136,Boulder,watershed school,80302,CO
102337,Fort Myers,lee virtual instructional prog,,FL
110119,Bogart,prince avenue christian school,30622,GA
141001,Chicago,george westinghouse college pr,60624,IL
310828,Cherry Hill,kings christian jr sr hs,08003,NJ
431103,Knoxville,tennessee governors academy,37920,TN
432132,Smyrna,stewarts creek high school,,TN
DH0003,Leesburg,fusion academy loudoun,20176-6500,VA
060727,Greenwood Village,mountain view virtual,80111,CO
333015,Manhasset,saint marys high school,11030,NY
361440,Cleveland Hts,beaumont school for girls,44118,OH
393631,Sewickley,eden christian academy,15143,PA
546045,San Juan,colegio la piedad,00914,PR
300134,Dover,cocheco arts and tech acad,03820,NH
333522,New York,leman manhattan prep school,10004,NY
430702,Franklin,comenius school,37064,TN
450132,Hurricane,diamond ranch academy,84737,UT
DH0009,San Jose,middle college at san jose cc,95126,CA
DH0009,San Jose,middle college at san jose cc,95126-2736,CA
101316,Orlando,first academy,32805,FL
334390,Oyster Bay,saint dominic high school,11771,NY
361557,Columbus,marburn academy,43229,OH
400043,East Greenwich,rocky hill school,02818,RI
444424,Magnolia,magnolia west high school,77354-4204,TX
446155,San Antonio,incarnate word high school,78212,TX
050903,Dublin,quarry lane school,94568,CA
102492,Gainesville,alachua eschool,32601,FL
390335,Bethlehem,moravian academy,18020,PA
444839,Mission,mission collegiate high school,78574,TX
310722,Neptune,class academy,07753,NJ
090081,Washington,georgetown day high school,20016,DC
310901,Newark,bard hs early col newark,07103,NJ
393490,Philadelphia,ss j neumann and m goretti hs,19148,PA
442143,Edinburg,robert vela high school,78239-6420,TX
444057,Laredo,laredo early college hs,78041,TX
685100,Beirut     1107 226 Lebanon,american community school,,
052498,Sausalito,marin school,94965,CA
221404,Middleboro,frederick l chamberlain school,02346,MA
310185,Cherry Hill,camden catholic high school,08002,NJ
334221,Yorktown Hts,soundview preparatory school,10598,NY
570020,Apo,kwajalein jr-sr high school,96555,AP
042019,Pine Bluff,maranatha christian school,71602-3875,AR
070350,Litchfield,forman school,06759,CT
335343,Staten Island,moore catholic high school,10314,NY
390481,Bryn Mawr,achievement house charter sch,19010,PA
051674,Los Angeles,neilson academy,90068,CA
112004,Marietta,richards christian academy,30062,GA
120110,Honolulu,saint louis school,96816,HI
440389,Austin,premier high school- lanier,78758-6616,TX
441137,Carrollton,carrollton christian academy,75010,TX
444739,Midland,midland classical academy,79705,TX
054400,Studio City,opportunities lrng-hermosa bch,91604,CA
380581,Lake Oswego,christa mcauliffe acad sch art,97035,OR
440228,Arlington,grace preparatory academy,76003,TX
442602,Frisco,dr justin wakeland hs,75034,TX
446790,Sugar Land,stephen f austin high school,77487,TX
564040,Apo,george c marshall school dod,09822,AE
564040,Apo,ankara es/hs dod,09822,AE
051560,Los Angeles,cathedral high school,90012,CA
231695,Grand Rapids,grand rapids christian hs,49506,MI
311503,West Orange,solomon schechter day school,07052,NJ
210040,Baltimore,boys latin school of maryland,21210,MD
320120,Albuquerque,early college academy,87110,NM
330230,Athol Springs,saint francis high school,14010,NY
333628,Bronx,fieldston school,10471,NY
381064,Scio,santiam crossing,97374,OR
544730,San Juan,university gardens high school,00927,PR
DH0007,Austin,koschool,78704-1033,TX
052189,Oakland,eastside high school,94621,CA
053626,Santa Rosa,sonoma academy,95404,CA
061447,Westminster,family acad of christian educ,80021,CO
140376,Evanston,fusion academy - evanston,60202-2382,IL
443414,Houston,northland christian school,77014,TX
450287,Orem,telos academy,84059,UT
490204,Charleston,university collaborative sch,25311-2119,WV
991521,Fort Collins,pioneer sch exped learning,80521,CO
030363,Phoenix,arizona agribusiness & equine,85042,AZ
053970,Richmond,leadership public schools,94804,CA
070655,Salisbury,salisbury school,06068,CT
141048,Chicago,muhammad un of islam,60649-3106,IL
471066,Ashburn,george washington univ online,20147,VA
541999,Guayama,guamani private school,00784,PR
070282,Hamden,engineering & science univ mag,06517,CT
101480,Saint Augustine,saint joseph academy,32084,FL
141150,Chicago,saint francis de sales hs,60617-6022,IL
222029,Springfield,springfield renaissance school,01104,MA
440372,Austin,premier high school - n austin,78758,CO
444041,Laredo,alexander high school magnet,78041,TX
480311,Tacoma,washington virtual academies,98409,WA
052340,Palo Alto,palo alto adult school,94301,CA
054284,Santa Clarita,trinity classical academy,91355,CA
060924,Littleton,chatfield school,80160,CO
101511,Saint Petersburg,international baccalaureate pg,33713,FL
261955,Lexington,wentworth military academy,64067,MO
280443,Central City,nebraska christian school,68826,NE
544460,San Juan,cupeyville school,00928,PR
I00424,Berlin Ger 14167    Germany,john f kennedy school,,
I01985,Helsinki   00140    Finland,anglo american school moscow,,
052269,Orange,lutheran high school orange co,92867,CA
053973,El Segundo,vistamar school,90245,CA
261795,Saint Louis,ursuline academy,63122,MO
431096,Knoxville,grace christian academy,37931,TN
450178,Sandy,stansbury academy,84092,UT
450178,Magna,vista private school,84044,UT
672090,Apo,jakarta international school,96520,AP
950760,Miami,colegio intnl de carabobo,33102,FL
051627,Los Angeles,indian springs high school,90025,CA
060385,Westminster,belleview christian school,80031,CO
110114,Athens,athens christian school,30601,GA
120064,Holualoa,makua lani christian school,96725,HI
140029,Chicago,"pathways in education, ashburn",60652-3768,IL
210034,Baltimore,seton keough high school,21227,MD
390948,Danville,central susquehanna i.u.,17821,PA
431657,Nashville,donelson christian academy,37214,TN
574010,Apo,brussels american hs dod,09714,AE
051513,Palo Alto,palo alto preparatory school,94303,CA
102386,Miami,riviera preparatory school,33176,FL
220640,Concord,concord academy,01742,MA
445577,Plano,spring creek academy,75025,TX
053697,Sherman Oaks,summit view school,91401,CA
080010,Claymont,archmere academy,19703,DE
112698,Savannah,savannah christian prep sch,31402,GA
221089,Hyannis,st john paul ii high school,02601,MA
060348,Colorado Springs,achieve k12,80915-1333,CO
070728,Stamford,links academy,06902,CT
221235,Lowell,lowell catholic high school,01851,MA
443654,Hurst,collegiate acad tarrant col ne,76054,TX
444097,Leander,rouse high school,78641,TX
020176,Wasilla,correspondence study school,99654-8168,AK
192015,New Orleans,brother martin high school,70122,LA
411473,Myrtle Beach,christian academy myrtle beach,,SC
060702,Greeley,jefferson high school,80634,CO
263121,Saint Louis,westminster christian academy,63141,MO
395261,Gibsonia,aquinas academy,15044,PA
481100,Seattle,holy names academy,98112,WA
540791,Bayamon,american school,00959,PR
120169,Keaau,kamehameha schools hi campus,96749,HI
180120,Bardstown,bethlehem high school,40004-1420,KY
240266,Chaska,southwest christian high sch,55318,MN
441718,Dallas,bishop lynch high school,75228,TX
481142,Seattle,apex learning,98161,WA
053869,Solana Beach,fusion learning center,92075,CA
054544,Los Angeles,diego rivera comm/tech school,90001,CA
060463,Denver,colorado christian school,80209,CO
210990,Stevenson,saint timothys school,21153,MD
361125,Cincinnati,ursuline academy,45242,OH
450319,Orem,meridian school,84097,UT
540798,Bayamon,academia santo tomas de aquino,00960,PR
854200,Doral,american school of guatemala,33166,FL
053264,Santa Barbara,northwestern preparatory sch,93160,CA
181211,Hopkinsville,university heights academy,42240-2654,KY
222329,Westfield,community christian school,01085,MA
361771,Cuyahoga Falls,cuyahoga valley christian acad,44224,OH
444168,Garden Valley,mercy ships academy,75771,TX
450341,Kaysville,provo high school/eschool,84037,UT
472108,South Boston,carlbrook school,24592,VA
052946,San Diego,san diego jewish academy,92130,CA
060458,Aurora,rocky mountain academy,80014,CO
543920,Ponce,colegio sagrado corazon jesus,00716,PR
950290,Miami,escuela campo alegre m-314,33166,FL
060399,Aurora,cedarwood christian academy,80010,CO
270464,Heron,monarch school,59844,MT
381097,Bend,academy at sisters the,97708,OR
444633,McKinney,mckinney boyd high school,75071,TX
I02722,Starnberg  82319    Germany,munich international school,,
101012,Miami,gulliver prep sch-pinecrest,33156,FL
101619,Naples,international learning academy,34112,FL
112842,Stockbridge,community christian school,30281,GA
141004,Chicago,uno hector p garcia md charter,60632,IL
280520,Columbus,scotus central catholic h s,68601,NE
365054,Toledo,saint john's jesuit hs,43615,OH
690130,Islamabad  44000    Pakistan,international school islamabad,,
100577,Fort Lauderdale,archbshp edward a mccarthy hs,33330,FL
101020,Melbourne,florida air academy,32901,FL
101020,Melbourne,florida preparatory academy,32901,FL
333762,New York,lyceum kennedy,10017,NY
380061,Baker City,baker early college hs,97814,OR
393695,Pittsburgh,ellis school,15206,PA
450359,St George,desert hills high school,84770,UT
541287,Carolina,saint francis school,00984,PR
050021,Agoura Hills,alexandria academy,91301,CA
053287,Santa Monica,new roads school,90404,CA
290157,Reno,truckee meadows cmty coll hs,89512,NV
391640,Harrisburg,bishop mcdevitt high school,17103,PA
444159,Lewisville,ischool high,75057,TX
446105,San Antonio,cornerstone christian hs,78230,TX
111808,Dacula,hebron christian academy,30019,GA
141760,Elgin,elgin academy,60120-4455,IL
440309,Austin,huntington-surrey school,78751,TX
443619,Houston,advanced virtual academy,77074,TX
550080,St Thomas,charlotte amalie high school,00801,VI
110600,Carrollton,advance academy of georgia the,30118,GA
192045,New Orleans,isidore newman school,70115,LA
210667,Kensington,brookewood school,20895,MD
334114,New York,trevor day school,10024,NY
373626,Tulsa,metro christian academy,74136-0741,OK
380966,Redmond,central christian high school,97756,OR
101892,Winter Haven,all saints academy,33880,FL
130091,Boise,sage international school,83702,ID
311302,Richland,saint augustine preparatory sc,08350,NJ
430451,Cordova,saint benedict at auburndale,38016,TN
I02222,Panama City  Panama,balboa academy,,
010422,Birmingham,valleydale christian academy,35244,AL
051339,San Diego,lutheran high sch san diego,92105,CA
052435,Pebble Beach,robert l stevenson school,93953,CA
053080,San Jose,bellarmine college preparatory,95126,CA
102041,Orlando,morning star academy,32817,FL
140827,Chicago,johnson college prep,60621,IL
141367,Chicago,perspectives-iit math sci acad,60653,IL
210761,Westminster,manchester valley high school,21157,MD
364656,Sidney,christian academy schools,45365,OH
391470,Freeland,mining and mechanical inst,18224,PA
396082,Harrisburg,commonwealth connections acad,17112,PA
410370,Charleston,bishop england high school,29492,SC
490940,Morgantown,whitmore school,26501-6611,WV
550040,St Thomas,all saints cathedral school,00804,VI
GED001,GED,ged,,CO
052821,San Diego,balboa city school,92101,CA
060933,Longmont,faith baptist high school,80501,CO
101239,Palm Bch Gdns,benjamin school,33418,FL
431465,Memphis,saint agnes academy,38117,TN
440122,Amarillo,ascension academy,79121,TX
030070,Chandler,paragon science academy,85226-3697,AZ
052108,Grass Valley,bitney springs charter hs,95945,CA
070082,Bristol,saint paul catholic hs,06010,CT
101285,Orlando,bishop moore catholic hs,32804,FL
241635,Minneapolis,blake school,55403,MN
333595,New York,dominican academy,10021,NY
578550,Fpo,david g farragut hs dod,09645,AE
101781,Sarasota,ideal high school,34237,FL
222525,Worcester,st peter-marian jr-sr ctl cath,01605,MA
525040,Hagatna,academy of our lady of guam,96910,GU
842248,Doral,new horizons bilingual school,33178,FL
130122,Coeur D Alene,innercept academy,83815,ID
431506,Memphis,westminster academy,38119,TN
649130,Dulles,american intl sch of lusaka,20189,VA
052816,San Mateo,dawn christian academy,94403,CA
334608,Potsdam,clarkson school,13699,NY
365565,Willoughby,andrews school,44094,OH
443425,Houston,saint johns school,77019,TX
543440,San Juan,academia del perpetuo socorro,00907,PR
100733,Jacksonville,atlantic school,32241,FL
220835,Fitchburg,saint bernards regl cath h s,01420,MA
411588,Pawleys Island,low country day school,29585,SC
030114,Phoenix,north phoenix preparatory acad,85032-5028,AZ
050499,San Lorenzo,redwood christian jr-sr hs,94580,CA
052338,Ojai,mother of divine grace school,93024,CA
110217,Atlanta,pace academy,30327,GA
191657,Mandeville,lakeshore high school,70448,LA
220014,Salisbury,sparhawk school,01952,MA
331770,Buffalo,buffalo acad of sacred heart,14226,NY
333935,New York,saint agnes boys high school,10024,NY
391034,Downingtown,regina luminis academy,19335,PA
053378,Sierra Madre,alverno high school,91024,CA
393560,Philadelphia,william penn charter school,19144,PA
444166,Lewisville,texas online preparatory schoo,75057-6436,TX
481008,Pasco,the delta high school,99301,WA
052412,Azusa,christbridge academy,91702,CA
191419,Broussard,episcopal school of acadiana,70518,LA
011835,Mobile,ums wright preparatory school,36607,AL
061076,Northglenn,rocky mountain lutheran hs,80233,CO
100307,Coconut Creek,lighthouse point academy nbps,33073,FL
447117,Tyler,bishop thomas k gorman hs,75701,TX
480061,Bellevue,dartmoor school,98005,WA
576340,Apo,ramstein american hs dod,09094,AE
576340,Apo,ramstein american hs dodd,09094,AE
101906,Winter Haven,polk comm coll collegiate hs,33881,FL
210915,Saint James,saint james school,21781,MD
332879,Lockport,christian academy of wny,14094,NY
410551,Columbia,provost academy,29201,SC
I01054,Miami,colegio interamericano,33166,FL
030759,Goodyear,trivium prep academy,85395-3372,AZ
051694,Los Angeles,lycee international de los ang,90027,CA
052256,Ojai,laurel springs school,93024,CA
393449,Philadelphia,preparatory charter school,19148,PA
I02498,San Juan   00919    Puerto Ric,colegio espiritu santo,,
054314,Simi Valley,international virtual learning,93065,CA
090009,Washington,fusion academy washington dc,20008-3008,DC
300292,Jefferson,davenport school,03583,NH
333932,New York,rudolf steiner school,10075,NY
470103,Arlington,bishop denis j oconnell hs,22213,VA
333890,New York,professional childrens school,10023,NY
541242,Carolina,colegio maria auxiliadora,00985,PR
060622,Fort Collins,psd global academy,80525-1108,CO
120171,Kalaheo,west side christian academy,96741,HI
442487,Fort Worth,queen of heaven academy,76109,TX
501732,Oshkosh,lourdes high school,54901,WI
502416,Wausau,wausau egl academy,54403-3176,WI
030607,Phoenix,arizona virtual academy,85014,AZ
052671,Riverside,riverside christian hs,92504,CA
054621,San Jose,summit public school - rainer,,CA
061459,Westminster,ja-hope and summit academy,80021-4014,CO
210260,Bethesda,landon school,20817,MD
392149,Lansdale,christopher dock mennonite h s,19446,PA
550078,St John,gifft hill school,00831,VI
053310,Santa Monica,saint monica catholic high sch,90403,CA
070680,Simsbury,westminster school,06070,CT
310361,Englewood,information systems academy,07631,NJ
080200,Wilmington,tatnall school,19807,DE
361525,Gahanna,columbus academy,43230,OH
446190,San Antonio,northside excel academy,78238,TX
471425,Middleburg,foxcroft school,20117,VA
481088,Seattle,seattle waldorf high school,98109,WA
502103,Sheboygan,ideas academy,53081,WI
544400,San Juan,colegio san ignacio de loyola,00927,PR
061454,Wheat Ridge,foothills academy,80033,CO
220685,Deerfield,deerfield academy,01342,MA
061073,Northglenn,community christian school,80233,CO
101234,Miami,ben lipson hillel community hs,33180,FL
144319,Waukegan,st martin de porres high sch,60085-6502,IL
311407,Sparta,pope john xxiii regional hs,07871,NJ
311407,Sparta,pope john xxiii regl high sch,07871,NJ
472008,Ruther Glen,carmel christian school,22546,VA
141103,Chicago,hansberry college prep,,IL
050133,Arcadia,rio hondo prep school,91066,CA
054360,Los Angeles,alliance environment sci tech,90065,CA
070166,East Haddam,franklin academy,06423,CT
102382,Panama City,north bay haven career academy,32401,FL
210754,Millersville,rockbridge academy inc,21108,MD
335383,Staten Island,saint joseph by the sea hs,10312,NY
380845,Portland,catlin gabel school,97225,OR
545840,Guaynabo,colegio prtrrqn de ninas,00968,PR
053112,San Juan Capo,st margaret's episcopal school,92675,CA
053488,Van Nuys,montclair college prep school,91402,CA
100178,Boca Raton,donna klein jewish academy hs,33428,FL
144383,Wheaton,saint francis preparatory hs,60187-6085,IL
162273,Keokuk,midwest academy,52632,IA
361799,Miamisburg,dayton christian high school,45342,OH
540795,Guaynabo,colegio marista,00969,PR
543320,Mayaguez,immaculate conception academy,00681,PR
051777,Los Angeles,frederick k c price iii school,90044,CA
070915,Greens Farms,greens farms academy,06838,CT
310315,Martinsville,pingry school,08836,NJ
334752,Riverhead,mercy high school,11901,NY
443968,Lake Jackson,brazosport christian school,77566,TX
544440,San Juan,colegio san jose,00928,PR
576280,Apo,mannheim american hs dod,09086,AE
577100,Fpo,sigonella middle high sch dod,09627,AE
054020,Tracy,millennium high school,95376,CA
054038,Chatsworth,sierra canyon high school,91311,CA
060053,Arvada,maranatha christian high sch,80004,CO
143653,River Grove,guerin college prep hs,60171-1012,IL
163992,Sheldon,nw ia cmty coll-hs program,51201,IA
230320,Beverly Hills,nexus acad of royal oak,48025-5440,MI
442551,Arlington,oakridge school,76013,TX
030651,Anthem,anthem preparatory academy,85086-2523,AZ
060131,Boulder,tara institute performing arts,80304,CO
144348,Westchester,saint joseph high school,60154-4170,IL
441954,Denton,texas academy math & science,76203,TX
442583,Keller,central high school,76248,TX
550280,St Thomas,antilles school,00802,VI
030599,Tucson,san pedro valley academy,85712,AZ
051554,Los Angeles,bishop mora salesian hs,90023,CA
052121,Santa Clarita,william s hart union h s dist,91350,CA
054056,San Diego,maranatha christian schools,92127,CA
061363,Thornton,westgate community school,80241,CO
070304,Windsor,pathways to technology magnet,06095,CT
090065,Washington,emerson preparatory school,20036,DC
052597,San Bernardino,dikaios christian academy,92427,CA
210090,Baltimore,friends school,21210,MD
261715,Kansas City,pembroke hill school,64112,MO
420657,Huron,james valley christian school,57350,SD
470902,Front Royal,seton home study school,22630,VA
051517,Long Beach,opportunities for learn/sjc,90805,CA
053111,San Juan Capo,capistrano unified adult sch,92675,CA
080190,Wilmington,saint elizabeth high school,19805,DE
141565,Decatur,saint teresa high school,62526-4232,IL
361035,Cincinnati,mother of mercy high school,45211,OH
440069,Austin,liberal arts and science acad,78724,TX
446139,San Antonio,communication arts high school,78238,TX
450385,Salt Lake City,rowland hall-saint marks sch,84102,UT
576220,Apo,kaiserslautern american hs dod,09094,AE
060243,Colorado Springs,academy online high school,80920,CO
060414,Arvada,faith christian academy,80002,CO
372672,Edmond,oklahoma christian academy,73034-5706,OK
446123,San Antonio,blessed hope academy,78249,TX
011897,Montgomery,montgomery academy,36106,AL
101897,Oviedo,masters academy,32765,FL
480653,Mountlake Ter,north sound christian sr hs,98043,WA
053961,San Jose,leadership public schools-east,95122,CA
141094,Chicago,richard t crane med prep mag,60612,IL
261578,Joplin,college heights christian sch,64801,MO
311285,Ramsey,don bosco prep high school,07446,NJ
480053,Auburn,rainier christian high school,98092,WA
525202,Tamuning,saint johns school,96913,GU
525202,Barrigada,saint johns school,96913,GU
561580,Fpo,matthew c perry hs dod,96310,AP
051850,Los Angeles,westchester-emerson comm adult,90045,CA
052381,Santa Rosa,pathways charter school,95405,CA
440354,Austin,khabele school,78701,TX
440354,Austin,headwaters school,78701,TX
052971,San Francisco,lycee francais la perouse,94122,CA
320143,Albuquerque,explore academy charter school,87109-5814,NM
471302,Lynchburg,liberty christian academy,24502,VA
681005,Amman      11831    Jordan,american community school ao,,
060488,Durango,grace preparatory academy,81301,CO
051841,Los Angeles,yeshiva univ hs los angeles,90035,CA
130112,Clark Fork,elk mountain academy,83811,ID
222275,Wellesley,dana hall school,02482,MA
060494,Denver,venture prep,80207,CO
112970,Thomasville,brookwood school,31792,GA
141104,Chicago,drw trading college prep,60624,IL
392115,Lancaster,lancaster country day school,17603,PA
442144,Edinburg,idea quest college prep,78511,TX
480702,Mercer Island,privett academy,98040,WA
481001,Richland,liberty christian school,99352,WA
550322,St Thomas,peter gruber intrntl academy,00802,VI
080070,Hockessin,sanford school,19707,DE
173182,Wichita,trinity academy,67206,KS
392122,Lancaster,veritas press scholars academy,17601,PA
470720,Dumfries,pope john paul the great cath,22026,VA
HOME01,Home School,homeschool,,CO
261668,Kansas City,archbishop o'hara high school,64138,MO
443329,Houston,westside school,77084,TX
471342,Manassas,new directions alternative edu,20109,VA
480589,Lakewood,harrison preparatory school,98498,WA
641103,Washington,khartoum american school,20521,DC
030472,Tucson,canyon del oro alternative sch,85741,AZ
041148,Hot Springs,arkansas sch math & sciences,71901-3408,AR
054595,San Mateo,fusion academy - san mateo,94403,CA
060721,Greenwood Village,provost academy colorado,80111,CO
120037,Honolulu,academy of the pacific,96817,HI
220650,Concord,middlesex school,01742,MA
341047,Durham,carolina friends school,27705,NC
445202,Odessa,richard milburn academy,79761,TX
052330,Palo Alto,castilleja school,94301,CA
054710,Los Angeles,hilda l solis learning academy,90022-1422,CA
061265,Sedalia,christian cottage school,80135,CO
232174,Kalamazoo,hackett catholic central hs,49008,MI
054632,Los Angeles,augustus f hawkins sh,90044,CA
460405,Saxtons River,vermont academy,05154,VT
546160,San Juan,saint john's school,00907,PR
142635,Lisle,benet academy,60532-2393,IL
053349,Santa Rosa,summerfield waldorf school,95401,CA
060049,Arvada,two roads charter high school,80004,CO
100901,Lake Placid,american heritage private sch,33852,FL
220077,Attleboro,bishop feehan high school,02703,MA
361005,Cincinnati,seven hills upper school,45227,OH
393397,Wayne,agora cyber charter school,19087,PA
440338,Austin,austin waldorf school,78737,TX
100372,Coral Gables,university of miami global ac,33124,FL
220129,Beverly,new england academy,01915,MA
263291,Springfield,new covenant academy,65807,MO
311142,Paterson,public safety academy,07501,NJ
392100,Lancaster,lancaster catholic high school,17601,PA
446277,San Antonio,wagner high school,78244,TX
520038,Pago Pago,south pacific academy,96799,AS
051763,Eagle Rock,renaissance arts academy,90041,CA
221530,Newton,newton country day school,02458,MA
330348,Brooklyn,bay ridge preparatory school,11209,NY
330761,Bronx,bronx expeditionary learning,10457,NY
380049,Aloha,international sch of beaverton,97007,OR
501918,Racine,prairie school,53402,WI
562033,APO,humphreys high school,96271-5797,AP
COCHSD,,concurrent high school diploma,,CO
DH0011,St George,southwest adult high school,84770,UT
010583,Camp Hill,lyman ward military academy,36850,AL
100113,Boca Raton,florida atlantic univ hs,33431,FL
120095,Honolulu,sacred hearts academy hs,96816,HI
210264,Bethesda,french international school,20814,MD
232715,Muskegon,western michigan christian hs,49441,MI
242272,Saint Paul,minnesota cons performing arts,55101,MN
335914,West Point,west point prep school,10996,NY
053547,Lake Arrowhead,lake arrowhead christian sch,92352,CA
142622,Libertyville,ombudsman educational services,60048-1359,IL
144403,Wilmette,loyola academy,60091-1021,IL
232086,Interlochen,interlochen arts academy,49643,MI
365243,Cleveland,mc2 stem high school,44115,OH
394413,Scranton,penn foster high school,18515,PA
460087,Burlington,vermont international academy,05401,VT
080122,New Castle,layton preparatory school,19720,DE
140741,Chicago,de la salle inst west campus,60608-6507,IL
210922,Silver Spring,spencerville adventist academy,20905,MD
361021,Cincinnati,lasalle high school,45239,OH
395398,Erdenheim,philadelphia montgomery chrn,19038,PA
430163,Brentwood,brentwood academy,37027,TN
481437,Trout Lake,world class academy,98650,WA
445943,Rockwall,heritage christian academy,75087,TX
862150,Miami,escuela internacional sampdrna,33126,FL
060006,Peyton,pikes peak early college,80831-8173,CO
101532,Plantation,david posnack hebrew day sch,33313,FL
230353,Bloomfield Hills,academy of the sacred heart,48304,MI
052592,Redondo Beach,south bay faith academy,90277,CA
054134,Menlo Park,lydian academy,94025,CA
060442,Denver,ps 1 urban lrng communities,80204,CO
290067,Henderson,nevada state high school,89015,NV
391078,Dunmore,holy cross hs-dunmore,18512,PA
392111,Lancaster,jp mccaskey east high school,17602,PA
400234,Narragansett,middlebridge school,02882,RI
446122,San Antonio,antonian college prep school,78213,TX
501506,Milwaukee,ceo leadership academy,53210,WI
502428,Wauwatosa,kradwell school,53213,WI
011904,Montgomery,saint james school,36116,AL
101659,Port Charlotte,florida preparatory academy,33980,FL
102221,Miami,mourning sr-high biscayne bay,33160,FL
210036,Towson,baltimore lutheran school,21286,MD
361114,Cincinnati,schilling sch gifted children,45249,OH
440343,Austin,st andrews episcopal sch,78735,TX
542111,Guaynabo,colegio rosa-bell,00970,PR
991536,Denver,p.u.s.h. academy,80239,CO
171689,Lawrence,lawrence alternative hs,66044,KS
310274,Denville,acad math science engineering,07834,NJ
333610,New York,elisabeth irwin high school,10014,NY
450152,Layton,academy at solstice,84041,UT
052157,North Highlands,campos verdes adult school,95660,CA
061071,Northglenn,colorado virtual acad (cova),80233,CO
220305,Brookline,maimonides school,02445,MA
333777,New York,fusion academy - new york,10016,NY
442614,Fort Worth,uplift mighty preparatory,76105,TX
443742,Katy,pope john xx111 high school,77449,TX
540260,Aguadilla,liceo aguadillano,00605,PR
311230,Edison,wardlaw-hartridge school,08820,NJ
430275,Chattanooga,baylor school,37401,TN
050862,Encinitas,grauer school,92024,CA
060038,Aurora,cherry creek options school,80015,CO
120192,Lihue,island school,96766,HI
140666,Chicago,british school of chicago,60642,IL
311463,Toms River,monsignor donovan high school,08753,NJ
361290,Cleveland,john hay senior high school,44106,OH
051269,Irvine,tarbut v torah comm day school,92603,CA
052247,Oceanside,halstrom high school-oceanside,92054,CA
100922,Land O Lakes,academy at the lakes day sch,34639,FL
140725,Chicago,ida crown jewish academy,60645-4314,IL
333575,New York,convent of the sacred heart,10128,NY
431662,Nashville,ensworth high school,37221,TN
443751,Houston,kipp academy charter school,77047,TX
051025,Gardena,junipero serra high school,90249,CA
181849,Morehead,craft acad morehead st un,40351,KY
991535,Nederland,chinook west,80466,CO
372723,Oklahoma City,academy of classical christian,73131-1600,OK
500675,Fond Du Lac,saint marys springs hs,54935,WI
543420,Mayaguez,c r o e m,00680,PR
543420,Mayaguez   00680    Puerto Ric,c r o e m,,
544298,San Juan,academia maria reina,00921,PR
050481,Carmichael,victory christian school,95608,CA
052363,Huntington Beach,brethren christian high school,92646,CA
143739,Romeoville,bible baptist christian acad,60446-1249,IL
410892,Greenville,christ church episcopal school,29607,SC
481120,Seattle,lakeside school,98125,WA
562040,Apo,seoul american high school dod,96205,AP
030623,San Tan Valley,san tan foothills high school,85143,AZ
340886,Concord,first assembly christian sch,28027,NC
051690,Sylmar,los angeles lutheran jr-sr hs,91342,CA
052255,Ojai,besant hill school,93024,CA
222045,Springfield,macduffie school,01105,MA
242102,Rochester,rochester lourdes high school,55902,MN
030492,Tucson,pusch ridge christian academy,85737,AZ
052652,Riverside,summit view school,92506,CA
052935,San Francisco,convent of the sacred heart hs,94115,CA
053053,Rosemead,don bosco technical institute,91770,CA
053748,West Hills,de toledo high school,91304,CA
053748,West Hills,new community jewish hs,91304,CA
220007,Wenham,academy at penguin hall,,MA
310351,Englewood,pre-engineering academy,07631,NJ
052886,San Diego,horizon christian academy,92111,CA
052886,San Diego,horizon jr-sr high school,92111,CA
320113,Albuquerque,tierra adentro of new mexico,87106,NM
393642,Pittsburgh,obama ac international studies,15206,PA
443760,Houston,energy institute high school,77003-5434,TX
563100,Fpo,bahrain school dod,09834,AE
930250,Quito        Ecuador,colegio americano de quito,,
