HS_NAME,HS_CEEB,HS_NCES
hillsboro school,010018,NA
briarwood christian hs,010332,NA
john carroll catholic hs,010370,00000226
spring valley school,010421,A0509003
valleydale christian academy,010422,NA
lyman ward military academy,010583,NA
catholic high school,011483,A9900007
westminster christian academy,011492,NA
ums wright preparatory school,011835,NA
montgomery academy,011897,NA
saint james school,011904,NA
glenwood school,012137,NA
monroe catholic jr-sr hs,020037,00023629
correspondence study school,020176,NA
grace christian school,020182,NA
paragon science academy,030070,NA
north phoenix preparatory acad,030114,NA
joy christian school,030134,NA
surrey garden christian school,030158,NA
estrella mountain high school,030191,NA
lourdes college preparatory hs,030236,NA
humanities & sciences inst,030342,040010701590
arizona agribusiness & equine,030363,NA
copper canyon academy,030373,NA
canyon del oro alternative sch,030472,NA
green fields country day sch,030487,00032134
pusch ridge christian academy,030492,NA
saint gregory coll prep sch,030506,NA
san pedro valley academy,030599,NA
arizona virtual academy,030607,NA
mesa preparatory academy,030617,040497000404
williams field high school,030619,NA
san tan foothills high school,030623,NA
anthem preparatory academy,030651,NA
insight school of arizona,030656,040043203324
rancho solano prep school,030658,NA
scottsdale prepatory academy,030661,NA
poston butte high school,030690,NA
glendale prep academy,030697,NA
tesseract school,030700,NA
trivium prep academy,030759,NA
arkansas sch math & sciences,041148,NA
arkansas baptist high school,041414,NA
little rock christian academy,041453,NA
maranatha christian school,042019,NA
benton county christian school,042162,NA
saint joseph-notre dame hs,050020,NA
alexandria academy,050021,NA
albany adult school,050030,060186000059
first presbyterian school,050132,NA
rio hondo prep school,050133,NA
bakersfield christian high sch,050208,NA
saint john bosco high school,050260,NA
le lycee francais,050321,00081341
manzanita school,050398,A1700356
santa cruz alternative,050446,NA
victory christian school,050481,NA
redwood christian jr-sr hs,050499,NA
berean christian school,050589,A0500169
venture school,050712,NA
hyde park school,050726,NA
star academy,050854,NA
grauer school,050862,NA
saint bernard high school,050898,00077572
quarry lane school,050903,NA
rosary high school,051007,00075484
junipero serra high school,051025,NA
ribet academy,051058,NA
st matthias high school,051232,NA
tarbut v torah comm day school,051269,NA
crean lutheran high school,051298,NA
lutheran high sch san diego,051339,NA
desert christian high school,051389,NA
pinewood school,051512,NA
palo alto preparatory school,051513,NA
opportunities for learn/sjc,051517,NA
high tech high los angeles,051526,060168410829
livermore valley charter prep,051541,NA
opportunities for learning,051546,NA
bishop mora salesian hs,051554,NA
cathedral high school,051560,NA
concord high school,051567,NA
indian springs high school,051627,NA
lausd/usc math sci tech sch,051652,NA
neilson academy,051674,NA
los angeles lutheran jr-sr hs,051690,NA
lycee international de los ang,051694,NA
german intl sch silicon valley,051711,NA
milken cmty hs stephen wise te,051727,01433805
notre dame academy,051730,00070191
renaissance arts academy,051763,NA
frederick k c price iii school,051777,NA
saint marys academy of los ang,051780,00070861
summit view west school,051784,NA
yeshiva univ hs los angeles,051841,NA
yeshiva univ hs los angeles,051843,NA
westchester-emerson comm adult,051850,NA
wildwood secondary school,051852,00081057
sacred heart preparatory,051955,00073771
halstrom academy-mission viejo,051966,NA
halstrom hs-mission viejo,051966,NA
saddleback christian academy,052007,NA
big valley christian hs,052021,NA
justin siena high school,052082,00077539
bitney springs charter hs,052108,NA
william s hart union h s dist,052121,NA
trinity pacific christian sch,052123,NA
highland hall,052153,00093164
campos verdes adult school,052157,NA
eastside high school,052189,NA
halstrom high school-oceanside,052247,NA
besant hill school,052255,NA
laurel springs school,052256,NA
lutheran high school orange co,052269,NA
santa clara high school,052300,NA
castilleja school,052330,NA
mother of divine grace school,052338,NA
palo alto adult school,052340,NA
brethren christian high school,052363,NA
pathways charter school,052381,NA
christbridge academy,052412,NA
options for youth-san gabriel,052432,NA
robert l stevenson school,052435,NA
el dorado adventist school,052482,061207001342
saint bernard catholic hs,052487,NA
marin school,052498,NA
pomona catholic high school,052504,NA
south bay faith academy,052592,NA
dikaios christian academy,052597,NA
city of angels school-hesby,052608,062271007118
summit view school,052652,NA
riverside christian hs,052671,NA
capital christian high school,052708,NA
dawn christian academy,052816,NA
balboa city school,052821,NA
halstrom high school-san diego,052828,NA
christian junior senior hs,052836,NA
francis w parker school,052843,NA
horizon christian academy,052886,NA
horizon jr-sr high school,052886,NA
convent of the sacred heart hs,052935,NA
san diego jewish academy,052946,NA
lycee francais la perouse,052971,NA
mercy high school,052975,00072519
don bosco technical institute,053053,NA
bellarmine college preparatory,053080,NA
capistrano unified adult sch,053111,NA
st margaret's episcopal school,053112,NA
harker school,053142,NA
anacapa school,053244,NA
calvary chapel high school,053251,A0700115
laguna blanca school,053255,NA
northwestern preparatory sch,053264,NA
saint lawrence academy,053277,NA
new roads school,053287,NA
crossroads school,053307,X0085583
saint monica catholic high sch,053310,NA
ursuline high school,053335,NA
summerfield waldorf school,053349,NA
centers of learning,053354,NA
alverno high school,053378,NA
soloquest learning center,053411,NA
montclair college prep school,053488,NA
bishop montgomery high school,053512,NA
lake arrowhead christian sch,053547,NA
pacific coast high school,053571,NA
upland christian school,053582,NA
oak hill school,053588,A0300444
sonoma academy,053626,NA
el camino high school,053648,NA
saint augustine academy,053654,NA
south lands chrtn high school,053681,NA
summit view school,053697,NA
new community jewish hs,053748,NA
de toledo high school,053748,NA
cal coast academy,053836,NA
calvary christian jr & sr hs,053840,NA
fusion learning center,053869,NA
vineyard high school,053886,NA
champs high school,053896,060158010865
view park prep accelerated hs,053904,NA
san diego met,053909,063432011154
met sacramento,053916,063384011194
marin school of arts & tech,053947,NA
leadership public schools-east,053961,NA
leadership public schools,053970,NA
vistamar school,053973,NA
bayshore prep,053977,NA
redlands adult school,053982,063207013458
alsion montessori middle/high,053989,NA
garden street academy,054006,NA
millennium high school,054020,NA
international std learning ctr,054028,062271010863
sierra canyon high school,054038,NA
charter hs arts media perform,054046,060158010865
miguel contreras lrng complex,054053,NA
maranatha christian schools,054056,NA
olympian high school,054072,NA
connections academy capistrano,054092,NA
capistrano connections academy,054092,NA
np3 charter high school,054095,NA
nova academy early col hs,054104,060156510989
lydian academy,054134,NA
hector godinez fundamental hs,054150,NA
american indian public hs,054176,060222711563
sacramento acad & voca acad,054188,060234814224
academic leadership community,054254,NA
bayhill high school,054279,NA
trinity classical academy,054284,NA
cambrian international academy,054297,NA
international virtual learning,054314,NA
anahuacalmecac int' univ hs,054332,060192512271
shadow hills high school,054345,NA
alliance environment sci tech,054360,NA
daniel pearl magnet high sch,054368,062271012525
da vinci science high school,054378,060150513832
verdugo academy,054386,061524000440
opportunities lrng-hermosa bch,054400,NA
humanitas ac art tech-torres,054451,NA
albert einstein academy of let,054493,NA
san francisco international hs,054515,NA
diego rivera comm/tech school,054544,NA
fusion academy - san mateo,054595,NA
fusion academy - warner center,054599,NA
coleman tech charter school hs,054600,NA
augustus f hawkins sh,054632,NA
linda marquez sr hs libra acad,054644,062271013203
hilda l solis learning academy,054710,NA
episcopal school los angeles,054718,NA
halstrom academy,054745,BB140094
del lago academy,054746,061291013061
halstrom academy - brentwood,054752,NA
halstrom academy,054753,NA
alliance margaret bloomfield,054772,NA
renuevo leadership academy,054788,NA
sierra academy of exped learn,054790,NA
design tech high school,054814,NA
muse middle and high school,054825,A0990016
pacifica christian hs orange,054827,060251014414
ilead innovation studios,054846,NA
pikes peak early college,060006,NA
apex homeschool enrichment pro,060032,NA
cherry creek options school,060038,NA
two roads charter high school,060049,NA
maranatha christian high sch,060053,NA
desiderata school inc,060098,NA
shining mountain waldorf sch,060111,NA
front range academy,060129,NA
tara institute performing arts,060131,NA
watershed school,060136,NA
edcsd colorado cyber school,060190,080345006372
goal academy,060226,080387006393
academy online high school,060243,NA
thomas maclaren charter school,060251,080002006437
saint marys high school,060295,NA
early college hs d-11,060333,NA
atlas preparatory school,060336,NA
victory prep academy,060337,080002006585
achieve k12,060348,NA
delta vision home & comm prgm,060361,NA
denver center intl studies,060362,080336006528
jim elliot schools,060369,NA
falcon virtual academy,060373,NA
spring studio for academic exc,060373,NA
belleview christian school,060385,NA
denver christian high school,060395,NA
denver academy,060396,NA
cedarwood christian academy,060399,NA
denver waldorf high school,060403,NA
escuela tlatelolco,060406,NA
faith christian academy,060414,NA
bishop machebeuf high school,060419,NA
mile high academy,060426,NA
excelsior high school,060440,NA
ps 1 urban lrng communities,060442,NA
ps 1 charter school,060447,NA
denver street school,060454,NA
rocky mountain academy,060458,NA
colorado christian school,060463,NA
welby new technology,060478,080555001997
southwest early college,060486,NA
grace preparatory academy,060488,NA
venture prep,060494,NA
summit academy,060502,NA
greeley-evans alternative prog,060518,NA
saint marys academy hs,060535,NA
eagle rock sch prof dev center,060551,NA
vista academy high school,060552,080336006514
riseup community school,060555,NA
front range baptist academy,060589,NA
faith christian academy,060619,NA
psd global academy,060622,NA
mscd lab school lookout mtn,060673,NA
caprock academy,060682,080002006305
mesa valley vision home cmnty,060684,NA
jefferson high school,060702,NA
provost academy colorado,060721,NA
mountain view virtual,060727,NA
skyview academy high school,060739,NA
sky view academy,060739,NA
stem school,060741,080345006493
chatfield school,060924,NA
faith baptist high school,060933,NA
rock solid high school,060939,NA
pleasant hill academy,060941,NA
hope co-op online learning acd,060961,NA
st vrain online global acad,060963,080537006532
saint vrain online global acad,060963,080537006532
colorado virtual acad (cova),061071,NA
community christian school,061073,NA
cornerstone christian academy,061074,NA
rocky mountain lutheran hs,061076,NA
north fork vision home/com prg,061147,080333006667
dolores huerta preparatory hs,061192,NA
rocky mountain digital academy,061201,NA
christian cottage school,061265,NA
mesa-mapleton exped sch arts,061358,NA
westgate community school,061363,NA
insight school of colorado,061436,NA
family acad of christian educ,061447,NA
foothills academy,061454,NA
ja-hope and summit academy,061459,NA
avon old farms school,070010,090012000011
aerospace/hydrospace eps hs,070072,090045001639
biotechnology research,070074,090045001636
saint paul catholic hs,070082,NA
franklin academy,070166,NA
brunswick school,070219,NA
convent of sacred heart,070220,NA
marine science magnet high sch,070252,NA
cooperative high school,070261,090279001207
new haven academy,070281,090279000547
engineering & science univ mag,070282,NA
pathways to technology magnet,070304,NA
forman school,070350,NA
great path ac @ manchester cc,070372,090192001403
east catholic high school,070373,NA
werace adult diploma,070646,NA
salisbury school,070655,NA
westminster school,070680,NA
king (klht),070720,NA
king school,070720,NA
links academy,070728,NA
suffield academy,070765,NA
gunnery the,070825,090353001632
chase collegiate school,070850,NA
oxford academy,070912,NA
greens farms academy,070915,NA
loomis chaffee school,070945,NA
hyde school woodstock,070972,NA
caravel academy,080002,NA
archmere academy,080010,NA
sanford school,080070,NA
layton preparatory school,080122,NA
saint elizabeth high school,080190,NA
tatnall school,080200,NA
fusion academy washington dc,090009,NA
emerson preparatory school,090065,NA
field school,090073,NA
georgetown day high school,090081,NA
saint anselms abbey school,090155,NA
saint albans school for boys,090165,NA
saint johns college high sch,090185,00253062
cesar chaves pub charter schoo,090206,110000500456
champion preparatory academy,100014,NA
florida atlantic univ hs,100113,NA
saint andrews school,100132,A9102006
edison academic center,100160,NA
boca raton preparatory school,100164,A9901157
weinbaum yeshiva high school,100168,NA
donna klein jewish academy hs,100178,NA
lighthouse point academy nbps,100307,NA
university of miami global ac,100372,NA
oak hall school,100553,NA
ogburn school,100576,NA
archbshp edward a mccarthy hs,100577,NA
atlantic school,100733,NA
seacoast christian academy,100777,A9501349
juno beach preparatory school,100823,NA
santa fe catholic regional hs,100897,NA
american heritage private sch,100901,NA
international community school,100907,NA
academy at the lakes day sch,100922,NA
indian rocks christian school,100941,NA
university high school,100981,NA
gulliver prep sch-pinecrest,101012,NA
florida air academy,101020,NA
florida preparatory academy,101020,NA
christopher columbus hs,101048,00257318
westminster christian school,101105,NA
trinity episcopal school,101136,NA
beaches chapel school,101213,NA
ben lipson hillel community hs,101234,NA
benjamin school,101239,NA
bishop moore catholic hs,101285,NA
circle christian school,101306,A9901182
first academy,101316,NA
a beka acad video homeschooler,101388,NA
american heritage sch plantatn,101422,A9700925
saint joseph academy,101480,NA
international baccalaureate pg,101511,NA
david posnack hebrew day sch,101532,NA
trinity catholic high school,101616,NA
international learning academy,101619,NA
florida preparatory academy,101659,NA
berkeley preparatory school,101686,NA
ideal high school,101781,NA
summit christian high school,101836,NA
all saints academy,101892,NA
masters academy,101897,NA
polk comm coll collegiate hs,101906,NA
acad arts & minds charter hs,101992,NA
hale academy,102015,NA
morning star academy,102041,NA
mourning sr-high biscayne bay,102221,NA
miami arts charter school,102231,NA
med acad science & techno,102335,120039007923
north bay haven career academy,102382,NA
riviera preparatory school,102386,NA
wilostar3d academy,102458,NA
alachua eschool,102492,NA
seacoast collegiate high sch,102550,NA
mast at fiu biscayne bay cmps,102607,120039008302
deerfield-windsor school,110043,NA
veritas classical schools,110068,NA
athens academy,110113,A1501216
athens christian school,110114,NA
prince avenue christian school,110119,NA
horizons school,110181,NA
pace academy,110217,NA
yeshiva atlanta,110264,NA
atlanta jewish academy,110264,NA
provost academy georgia,110293,NA
advance academy of georgia the,110600,NA
woodward academy,110797,NA
gwinnett sch of math sci tech,111140,130255003553
our lady of mercy catholic hs,111269,NA
riverside military academy,111405,NA
hebron christian academy,111808,NA
providence christian academy,111832,A0501403
tnt academy,111841,NA
arabia mountain high school,111868,130174003915
noah webster center,111994,NA
richards christian academy,112004,NA
eagles landing christian acad,112046,130282002130
georgia military college hs,112100,485111
saint francis high school,112629,NA
saint andrews on the marsh,112681,00296867
savannah christian prep sch,112698,NA
community christian school,112842,NA
brookwood school,112970,NA
honolulu waldorf school,120023,NA
academy of the pacific,120037,NA
myron b thompson academy,120039,150003000274
makua lani christian school,120064,NA
sacred hearts academy hs,120095,NA
saint andrew's priory school,120100,00326667
saint louis school,120110,NA
kamehameha schools hi campus,120169,NA
west side christian academy,120171,NA
island school,120192,NA
saint anthony jr-sr hs,120235,00326601
northwest academy,130026,NA
river stone community school,130060,NA
idaho distance education acad,130064,NA
sage international school,130091,NA
elk mountain academy,130112,NA
innercept academy,130122,NA
community school,130307,NA
rocky mountian high school,130399,NA
saint dominic school,130507,NA
immaculate conception academy,130509,NA
epic academy,140111,170993006088
aurora christian schools,140176,NA
fusion academy - evanston,140376,NA
butler college prep,140637,170993006450
uic college prep,140658,NA
british school of chicago,140666,NA
chicago bulls college prep,140693,NA
chicago mathematics-science ac,140721,170993005092
ida crown jewish academy,140725,NA
de la salle inst west campus,140741,NA
ogden international sc chicago,140748,NA
de la salle institute,140765,00344926
johnson college prep,140827,NA
francis w parker school,140830,NA
holy trinity high school,140875,00339712
instituto health sci career ac,140884,NA
josephinum high school,140910,00343412
itw david speer academy,140991,NA
lycee francais de chicago,140996,A9701397
george westinghouse college pr,141001,NA
uno hector p garcia md charter,141004,NA
urban prep young men-englewood,141006,170993005884
muhammad un of islam,141048,NA
notre dame high school boys,141063,00341787
phoenix acad jrotc service cor,141078,170993004715
richard t crane med prep mag,141094,NA
drw trading college prep,141104,NA
robert lindblom math-sci acad,141122,NA
world language academy hs,141142,170993005788
saint francis de sales hs,141150,NA
saint patrick high school,141230,NA
greater lawndale hs soc jus,141349,NA
perspectives-iit math sci acad,141367,NA
collinsville christian academy,141467,171065001278
saint teresa high school,141565,NA
elgin academy,141760,NA
bishop mcnamara high school,142415,NA
woodlands academy,142510,NA
ombudsman educational services,142622,NA
benet academy,142635,NA
saint laurence high school,143237,NA
marquette high school,143335,00347439
guerin college prep hs,143653,NA
christian life center hs,143698,NA
lutheran high school,143709,NA
bible baptist christian acad,143739,NA
st martin de porres high sch,144319,NA
saint joseph high school,144348,NA
lyons township hs south campus,144370,172388002601
saint francis preparatory hs,144383,NA
loyola academy,144403,NA
harmony school,150209,NA
indiana university high school,150219,NA
greenwood christian academy,151391,180411000709
bishop chatard high school,151654,NA
irvington prep academy,151729,NA
lighthouse college prep acad,151753,NA
faith christian school,151908,NA
saint albert central high sch,160997,00458219
maharishi sch age enlightenmnt,161553,AA000905
don bosco high school,161748,NA
midwest academy,162273,NA
gehlen catholic high school,162470,NA
alpha omega academy,163779,NA
nw ia cmty coll-hs program,163992,NA
heelan high school,164050,A1301414
saint marys school,164165,NA
haysville alternative hs,171305,NA
lawrence alternative hs,171689,NA
sacred heart jr-sr high school,172675,NA
trinity academy,173182,NA
kapaun mount carmel hs,173190,00489531
wichita eschool,173205,NA
bethlehem high school,180120,NA
christian fellowship school,180198,NA
villa madonna academy,180585,A9501919
liberty christian school,181102,NA
university heights academy,181211,NA
louisville collegiate school,181570,NA
saint francis high school,181604,NA
craft acad morehead st un,181849,NA
christian life academy,190203,NA
dunham school,190244,NA
saint pauls school,190590,X0538365
saint scholastica academy,190595,NA
academy of the sacred heart,191070,A0701050
thomas jefferson senior high s,191122,220084001964
jefferson chamber foundation,191162,NA
episcopal school of acadiana,191419,NA
saint thomas more catholic hs,191438,01922793
lakeshore high school,191657,NA
brother martin high school,192015,NA
ecole classique,192023,NA
holy cross high school,192030,NA
isidore newman school,192045,NA
international hs new orleans,192141,220015602270
north atlantic regional hs,200037,NA
fryeburg academy,200390,NA
saint dominic regional hs,200555,A1501784
catherine mcauley high school,200825,NA
bard early college high school,210002,240009001735
seton keough high school,210034,NA
baltimore lutheran school,210036,NA
boys latin school of maryland,210040,NA
jemicy school-towson campus,210069,NA
friends school,210090,NA
landon school,210260,NA
french international school,210264,NA
saint pauls school for boys,210295,00579506
saint pauls school for girls,210296,00579506
maryvale preparatory school,210300,NA
bishop walsh middle hs,210435,00578513
garrison forest school,210580,NA
archbishop spalding hs,210583,00578728
archbishop spalding high sch,210583,00578728
brookewood school,210667,NA
rockbridge academy inc,210754,NA
manchester valley high school,210761,NA
park school of baltimore,210812,NA
saint james school,210915,NA
spencerville adventist academy,210922,NA
severn school,210945,240006000127
saint timothys school,210990,NA
sparhawk school,220014,NA
berkshire arts-tech charter,220023,250007901842
cushing academy,220050,NA
bishop feehan high school,220077,NA
new england academy,220129,NA
commonwealth school,220222,NA
maimonides school,220305,NA
newman preparatory school,220330,NA
roxbury latin school,220345,250279002729
william j ostiguy hs,220409,NA
cardinal spellman high school,220437,NA
academy at charlemont,220552,NA
concord academy,220640,NA
middlesex school,220650,NA
academy at swift river,220657,NA
tec connections academy,220668,250055602817
deerfield academy,220685,NA
saint bernards regl cath h s,220835,NA
great barrington waldorf hs,220901,NA
st john paul ii high school,221089,NA
lowell catholic high school,221235,NA
malden catholic high school,221290,250717001106
frederick l chamberlain school,221404,NA
newton country day school,221530,NA
cats academy boston,221541,A1390207
saint sebastians school,221545,NA
bishop stang high school,221643,NA
woodward school for girls,221810,NA
salem academy,221869,250008401847
springfield renaissance school,222029,NA
macduffie school,222045,NA
coyle-cassidy memorial high sc,222120,00601715
nazareth academy,222176,NA
dana hall school,222275,NA
community christian school,222329,NA
saint clement high school,222365,NA
wilbraham and monson academy,222400,00604261
holy name central catholic h s,222500,00602854
st peter-marian jr-sr ctl cath,222525,NA
forest hills eastern hs,230000,261461001662
greenhills school,230087,NA
nexus acad of royal oak,230320,NA
academy of the sacred heart,230353,NA
detroit catholic central hs,230860,NA
dr benjamin carson hs sci med,230913,260110308271
university detroit jesuit hs,231225,NA
grand rapids christian hs,231695,NA
west michigan acad env science,231701,260009200596
potter's house christian hs,231726,NA
university liggett school,231820,NA
interlochen arts academy,232086,NA
hackett catholic central hs,232174,NA
ladywood high school,232355,NA
bloomfield hills high school,232447,260609008480
western michigan christian hs,232715,NA
notre dame preparatory,233040,00637399
gabriel richard high school,233193,NA
michigan lutheran high school,233382,NA
utica academy international st,233507,NA
washtenaw international hs,233823,268099008147
mesabi east senior high school,240250,279145002326
southwest christian high sch,240266,NA
totino-grace high school,240888,NA
main street school perf arts,241157,NA
saint croix christian academy,241494,NA
academy of holy angels,241585,NA
minnehaha academy,241625,A1702132
blake school,241635,NA
minnesota online high school,241681,270026003318
rochester lourdes high school,242102,NA
cathedral high school,242180,A1502121
benilde-st margaret's school,242202,NA
minnesota cons performing arts,242272,NA
jennings experiential hs,242273,NA
saint paul conservatory,242284,270035104098
saint stanislaus college prep,250150,NA
washington school,251044,NA
ava victory academy,260123,NA
columbia independent school,260722,NA
u of mo-columbia high school,260734,NA
mu high school - univ of mo,260734,NA
saint louis priory school,260782,NA
whitfield school,260783,NA
college heights christian sch,261578,NA
blue ridge christian school,261612,NA
southwest early coll campus,261627,NA
archbishop o'hara high school,261668,NA
pembroke hill school,261715,NA
ursuline academy,261795,NA
wentworth military academy,261955,NA
john f kennedy catholic hs,262073,NA
missouri academy sci math comp,262147,NA
gloria deo academy,262834,NA
bishop le blond high school,262905,NA
crossroads school,262941,AA000373
mckinley high school,262995,292928002990
westminster christian academy,263121,NA
new covenant academy,263291,NA
saint labre indian catholic hs,270030,NA
monarch school,270464,NA
nebraska christian school,280443,NA
scotus central catholic h s,280520,NA
kearney catholic high school,281227,NA
concordia lutheran jr/sr hs,281706,A0302000
daniel j gross catholic hs,281712,00809393
mercy high school,281719,NA
free world u,290039,NA
nevada state high school,290067,NA
advantages online private sch,290079,NA
truckee meadows cmty coll hs,290157,NA
del sol high school,290198,320006000571
the adelson school,290229,NA
adelson upper school,290229,NA
nevada virtual academy,290243,320000100734
cocheco arts and tech acad,300134,NA
oliverian school the,300251,NA
davenport school,300292,NA
kimball union academy,300400,NA
st mary's hall/doane academy,310165,NA
camden catholic high school,310185,NA
pioneer academy of science,310249,NA
acad math science engineering,310274,NA
pingry school,310315,NA
alexander hamilton prep acad,310337,340459003043
pre-engineering academy,310351,NA
law and public safety academy,310353,NA
information systems academy,310361,NA
academy advancement sci & tech,310449,NA
acad for cul vis tele & power,310451,NA
academy for med science tech,310452,NA
academy for bus & comp tech,310454,NA
bergen arts & sci charter sch,310457,NA
class academy,310722,NA
kings christian jr sr hs,310828,NA
fusion academy - morristown,310836,NA
bard hs early col newark,310901,NA
newark academy,310915,NA
newark collegiate academy,310986,NA
public safety academy,311142,NA
paterson cs for sci and tech,311143,340008700735
wardlaw-hartridge school,311230,NA
lewis school,311261,NA
stuart cntry day scl sac hrt,311278,NA
don bosco prep high school,311285,NA
saint augustine preparatory sc,311302,NA
pope john xxiii regl high sch,311407,NA
pope john xxiii regional hs,311407,NA
kent place school,311425,00869149
oak knoll school,311430,NA
monsignor donovan high school,311463,NA
solomon schechter day school,311503,NA
public academy performing arts,320076,NA
nex gen high school,320111,NA
tierra adentro of new mexico,320113,NA
native american com. acad.,320116,350006000918
early college academy,320120,NA
chaparral high school,320128,350108001131
southwest aeronautics mathemat,320133,NA
explore academy charter school,320143,NA
univ nm gallup middle coll hs,320299,NA
arrowhead park early coll high,320408,NA
rehoboth christian school,320530,NA
new mexico military institute,320545,NA
new mexico military inst hs,320545,NA
valley christian academy,320553,NA
desert academy,320597,NA
saint michaels high school,320620,NA
santa fe preparatory school,320626,NA
santa fe secondary school,320628,NA
st bonaventure high school,320687,NA
academy of holy names upper sc,330025,NA
doane stuart school,330030,NA
saint francis high school,330230,NA
bay ridge preparatory school,330348,NA
eximius college prep academy,330493,360008605791
brentwood hs ross center,330495,360528004433
1199 school social change,330535,NA
science tech res hs erasmus,330619,360009505516
bronx expeditionary learning,330761,NA
saint francis preparatory sch,330835,00925106
urban asy ins math-sci y women,330984,360009105928
"new york city charter arch, en",331036,NA
think global school,331183,A1792066
buffalo acad of sacred heart,331770,NA
holy cross high school,331927,NA
windsor school,331931,NA
john s burke catholic hs,332140,NA
solomon schechter high school,332369,NA
national sports acad lk placid,332761,361650001460
christian academy of wny,332879,NA
saint marys high school,333015,NA
chaminade high school,333150,NA
thornton donovan school,333380,NA
baldwin school n y c,333425,NA
browning school,333490,NA
cathedral high school,333520,NA
leman manhattan prep school,333522,NA
columbia grammar & prep school,333570,NA
convent of the sacred heart,333575,NA
dominican academy,333595,NA
elisabeth irwin high school,333610,NA
fieldston school,333628,NA
hs math sci eng at city coll,333691,NA
nest plus m-new explorations,333737,NA
lyceum kennedy,333762,NA
avenues new york,333776,BB162059
fusion academy - new york,333777,NA
kipp nyc college prep hs,333836,360005404452
notre dame school,333870,NA
professional childrens school,333890,NA
regis high school,333905,NA
rudolf steiner school,333932,NA
saint agnes boys high school,333935,NA
urban assembly media high sch,333997,360007805630
school for young performers,334042,NA
trinity school,334090,NA
trevor day school,334114,NA
marsha stern talmudical acad,334148,NA
soundview preparatory school,334221,NA
saint dominic high school,334390,NA
clarkson school,334608,NA
mercy high school,334752,NA
mcquaid jesuit high school,334830,00929621
world of inquiry high school,334859,NA
ef international academy,334864,NA
school of the holy child,334972,NA
moore catholic high school,335343,NA
monsignor farrell high school,335352,NA
richmondtown preparatory sch,335370,NA
saint joseph by the sea hs,335383,NA
staten island academy,335400,NA
christian brothers academy,335465,00924022
hackley school,335540,NA
cardinal ohara high school,335576,NA
notre dame jr-sr high school,335687,NA
west point prep school,335914,NA
acad of our lady good counsel,335935,NA
fusion academy - white plains,335952,A1502502
woodstock day school,336023,NA
martin luther lutheran hs,336027,361240004295
first assembly christian sch,340886,NA
camelot academy,341045,NA
carolina friends school,341047,NA
veritas christian academy,341341,A0108578
american hebrew academy,341579,A0302348
heritage hall school,341801,NA
carmel christian school,342527,NA
covenant day school,342532,A1702739
thales academy: rolesville,343395,A1502770
univ of nc sch of arts hs,344438,NA
shanley high school,350575,NA
saints vincent & mary hs,360090,NA
cincinnati country day school,360955,NA
seven hills upper school,361005,NA
lasalle high school,361021,NA
schilling sch gifted children,361114,NA
ursuline academy,361125,NA
john hay senior high school,361290,NA
beaumont school for girls,361440,NA
columbus academy,361525,NA
marburn academy,361557,NA
cuyahoga valley christian acad,361771,NA
dayton christian high school,361799,NA
miami valley school,361833,NA
saint wendelin high school,362175,NA
saint peters high school,363170,01061029
christian academy schools,364656,NA
saint john's jesuit hs,365054,NA
mc2 stem high school,365243,NA
john f kennedy high school,365330,A0108643
andrews school,365565,NA
ohio connections academy,365769,NA
reynoldsburg estem academy,365841,NA
saint augustine academy,370476,NA
oklahoma christian school,371187,NA
oklahoma bible academy,372365,NA
casady school,372640,NA
francis tuttle area tech ctr,372661,NA
oklahoma christian academy,372672,NA
oklahoma school of sci & math,372684,NA
epic charter school,372720,400080002866
academy of classical christian,372723,NA
able charter school,372729,NA
rejoice high school,372786,NA
metro christian academy,373626,NA
life christian school,380011,A0108743
international sch of beaverton,380049,NA
baker early college hs,380061,NA
valley catholic high school,380080,NA
estacada early college,380319,410470000143
christa mcauliffe acad sch art,380581,NA
saint marys school,380655,01160835
clackamas middle college,380786,NA
catlin gabel school,380845,NA
central catholic high school,380850,NA
pauling academy,380898,NA
westside christian high school,380936,02052126
central christian high school,380966,NA
early college high school,381042,NA
santiam crossing,381064,NA
oregon connections academy,381069,410810001680
academy at sisters the,381097,NA
academy of arts and academics,381114,NA
moravian academy,390335,NA
keystone national high school,390363,NA
achievement house charter sch,390481,NA
geibel high school,390815,01191342
holy ghost preparatory school,390870,01184776
central susquehanna i.u.,390948,NA
regina luminis academy,391034,NA
holy cross hs-dunmore,391078,NA
villa maria academy,391320,NA
pennsbury hs-west campus,391363,421884004682
pa leadership charter school,391441,420012700837
mining and mechanical inst,391470,NA
bishop mcdevitt high school,391640,NA
capital area school,391652,420087607493
wyoming seminary,392040,NA
lancaster catholic high school,392100,NA
dayspring christian academy,392107,NA
jp mccaskey east high school,392111,NA
lancaster country day school,392115,NA
veritas press scholars academy,392122,NA
christopher dock mennonite h s,392149,NA
linden hall school for girls,392295,NA
pennsylvania cyber charter sch,392609,NA
tinicum art and science,393130,NA
country day sch sacred heart,393220,NA
gateway to college,393252,NA
girard college high school,393335,01196464
john w hallahan catholic hs,393350,01186911
agora cyber charter school,393397,NA
performing arts sch of phila,393426,NA
preparatory charter school,393449,NA
william penn charter school,393560,NA
eden christian academy,393631,NA
obama ac international studies,393642,NA
ellis school,393695,NA
vincentian academy,393940,NA
archbishop carroll high school,394131,NA
central catholic high school,394140,NA
pius x high school,394295,NA
penn foster high school,394413,NA
scranton preparatory school,394440,01907505
faith christian academy,394462,NA
kennedy catholic high school,394502,NA
westtown school,395230,NA
aquinas academy,395261,NA
philadelphia montgomery chrn,395398,NA
commonwealth connections acad,396082,NA
rocky hill school,400043,NA
saint georges school,400085,NA
moses brown school,400180,NA
st mary academy - bay view,400215,01257474
prout school,400228,NA
middlebridge school,400234,NA
bishop england high school,410370,NA
palmetto academy,410413,NA
charleston math-sci charter,410418,NA
ben lippen school,410501,A9106189
south carolina connections aca,410524,450390101520
provost academy,410551,NA
thomas sumter academy,410623,01264459
christ church episcopal school,410892,NA
laurens academy,411274,450261000701
low country day school,411588,NA
oakbrook preparatory school,411849,NA
james valley christian school,420657,NA
east hamilton middle-high sch,430044,470159002214
brentwood academy,430163,NA
baylor school,430275,NA
chattanooga st middle coll hs,430304,NA
mccallie school,430315,A9501499
clarksville academy,430353,NA
saint georges high school,430413,NA
saint benedict at auburndale,430451,NA
battle ground academy,430700,01297054
aaron academy,430887,NA
knoxville catholic high school,431095,NA
grace christian academy,431096,NA
tennessee governors academy,431103,NA
briarcrest christian school,431391,NA
harding academy of memphis,431417,NA
homelife academy,431423,NA
memphis academy of sci & eng,431424,470014802045
lausanne collegiate school,431435,NA
saint agnes academy,431465,NA
westminster academy,431506,NA
david lipscomb high school,431655,NA
donelson christian academy,431657,NA
ensworth high school,431662,NA
metro nashville virtual school,431673,NA
gateway academy,431723,NA
lancaster christian academy,432139,NA
abilene christian schools,440008,NA
liberal arts and science acad,440069,NA
ascension academy,440122,NA
international leadership texas,440222,NA
gateway preparatory school,440226,480023512294
grace preparatory academy,440228,NA
huntington-surrey school,440309,NA
griffin school,440334,NA
austin waldorf school,440338,NA
st andrews episcopal sch,440343,NA
univ texas austin hs program,440344,480894000294
headwaters school,440354,NA
khabele school,440354,NA
premier high school - n austin,440372,NA
premier high school- lanier,440389,NA
texas ac leadership humanities,440533,NA
episcopal high school,440561,02163438
veterans memorial high school,440903,481168012029
idea college prep-frontier,440906,480021111952
earl rudder high school,440959,481179011154
carrollton christian academy,441137,NA
dallas international school,441712,NA
bishop lynch high school,441718,NA
hockaday school,441750,NA
alexander school,441827,NA
richland collegiate hs,441848,480027111189
hampton preparatory school,441857,NA
billy c ryan high school,441940,NA
selwyn school,441943,01326065
john h guyer high school,441946,NA
denton calvary academy,441947,NA
selwyn school,441948,01326065
texas academy math & science,441954,NA
robert vela high school,442143,NA
idea quest college prep,442144,NA
academy science & technology,442258,NA
mission early college hs,442270,NA
queen of heaven academy,442487,NA
young womens leadership acad,442489,NA
oakridge school,442551,NA
southwest christian school,442562,A1303480
west academy,442574,NA
central high school,442583,NA
dr justin wakeland hs,442602,NA
uplift mighty preparatory,442614,NA
reedy high school,442627,482001013003
lones star high school,442638,NA
oconnell high school,442705,01608593
fulton academy rockwall county,443192,NA
westside school,443329,NA
duchesne academy sacred heart,443363,Y1325356
northland christian school,443414,NA
saint johns school,443425,NA
woodland acres chrstn school,443466,NA
yes prep public schs-n central,443588,480020909503
rainard school,443593,NA
advanced virtual academy,443619,NA
benjamin o davis jr high schoo,443644,NA
collegiate acad tarrant col ne,443654,NA
fusion academy - houston galle,443663,NA
obra d tompkins high school,443726,NA
pope john xx111 high school,443742,NA
kipp academy charter school,443751,NA
energy institute high school,443760,NA
northeast christian academy,443867,01642171
brazosport christian school,443968,NA
alexander high school magnet,444041,NA
saint augustine high school,444050,NA
laredo early college hs,444057,NA
rouse high school,444097,NA
texas virtual academy,444154,480020713294
ischool high,444159,NA
texas online preparatory schoo,444166,NA
mercy ships academy,444168,NA
judson early college academy,444209,482499012011
all saints episcopal school,444337,NA
texas technical univeristy hs,444357,NA
magnolia west high school,444424,NA
mckinney boyd high school,444633,NA
midland classical academy,444739,NA
kipp univ prep high school,444798,NA
mission collegiate high school,444839,NA
pioneer high school,444842,NA
early college high school @mc,445046,483057012458
harmony schl of political sci,445129,NA
richard milburn academy,445202,NA
dawson high school,445414,NA
idea academy and college prep,445509,480021112390
willow bend academy,445574,NA
spring creek academy,445577,NA
poetry community christian sch,445580,NA
einstein school,445581,NA
grulla high school,445869,NA
heritage christian academy,445943,NA
cornerstone christian hs,446105,NA
business careers high school,446119,NA
antonian college prep school,446122,NA
blessed hope academy,446123,NA
communication arts high school,446139,NA
incarnate word high school,446155,NA
keystone school,446158,NA
northside excel academy,446190,NA
john paul steven high school,446215,NA
stem early college hs alamo,446216,NA
william j brennan high school,446239,NA
rick hawkins high school,446242,NA
louis d brandeis high sch,446254,483312011431
tmi-episcopal school of tx,446255,01327182
wagner high school,446277,NA
providence classical school,446684,NA
harmony school of sci- houston,446789,NA
stephen f austin high school,446790,NA
bishop thomas k gorman hs,447117,NA
victoria west high school,447268,NA
rapoport academy-meyer hs,447309,NA
success academy,450052,490003701101
providence hall charter school,450124,490012401202
diamond ranch academy,450132,NA
sunrise academy,450137,NA
academy at solstice,450152,NA
logan river academy,450171,490051000351
stansbury academy,450178,NA
vista private school,450178,NA
dorius academy,450189,NA
la europa academy,450222,NA
salt lake gateway academy,450238,NA
oakley school,450242,NA
davinci acad of sci and arts,450249,490006500995
telos academy,450287,NA
winter sports sch in park city,450291,NA
brigham young univ indep hs,450312,NA
new haven school,450315,NA
meridian school,450319,NA
heritage school,450323,NA
provo high school/eschool,450341,NA
nuames early college high sch,450346,NA
desert hills high school,450359,NA
rowland hall-saint marks sch,450385,NA
mount olympus prep school,450432,A0771895
vermont international academy,460087,NA
lake champlain waldorf hs,460099,A9106766
killington mountain school,460213,01422611
vermont acad science and tech,460346,NA
vermont academy,460405,NA
the king george school,460446,NA
st stephens & st agnes school,470040,NA
bishop denis j oconnell hs,470103,NA
langston hs cont ed program,470126,510027002944
h b woodlawn,470127,510027002659
covenant school,470433,NA
pope john paul the great cath,470720,NA
ad fontes academy,470806,NA
interagency alternative school,470814,NA
timberlake christian school,470856,NA
seton home study school,470902,NA
george washington univ online,471066,NA
liberty christian academy,471302,NA
virginia episcopal school,471305,01432481
new directions alternative edu,471342,NA
foxcroft school,471425,NA
miller school,471440,01434321
flint hill school,471648,NA
governors school,471851,NA
community school,471948,NA
carmel christian school,472008,NA
carlbrook school,472108,NA
stuart hall,472170,NA
rainier christian high school,480053,NA
dartmoor school,480061,NA
academic institute inc,480066,NA
eastside catholic high school,480067,NA
highline big picture hs,480134,NA
washington virtual academies,480311,NA
solomon christian school,480345,NA
archbishop thomas j murphy hs,480391,NA
puget sound adventist academy,480551,NA
harrison preparatory school,480589,NA
north sound christian sr hs,480653,NA
marysville arts & tech hs,480684,530486003102
privett academy,480702,NA
northwest christian high sch,480834,NA
liberty christian school,481001,NA
the delta high school,481008,NA
educational advancement acad,481081,NA
seattle waldorf high school,481088,NA
interagency academy,481089,NA
holy names academy,481100,NA
john f kennedy cath high sch,481116,NA
lakeside school,481120,NA
apex learning,481142,NA
health sci and human svcs hs,481149,NA
university preparatory academy,481169,01462315
charles wright academy,481368,NA
world class academy,481437,NA
seton catholic college prep hs,481471,NA
chrysalis school,481593,NA
christa mcauliffe academy,481606,NA
university collaborative sch,490204,NA
whitmore school,490940,NA
st john's nw military academy,500505,NA
saint marys springs hs,500675,NA
saint joseph high school,501007,01507267
ceo leadership academy,501506,NA
lourdes high school,501732,NA
prairie school,501918,NA
valley christian school,502036,NA
ideas academy,502103,NA
luther preparatory school,502382,01513656
wausau egl academy,502416,NA
kradwell school,502428,NA
thunder basin high school,510079,560147000580
international school of dakar,635920,NA
khartoum american school,641103,NA
american intl sch of lusaka,649130,NA
tashkent intl school,788186,NA
carol morgan school the,842200,NA
new horizons bilingual school,842248,NA
international school of sosua,842310,NA
escuela americana de el salvd,846400,NA
american school of guatemala,854200,NA
colegio interamericano,854270,NA
equity american school,854401,NA
escuela internacional sampdrna,862150,NA
discovery school,862298,NA
american intl sch of kingston,866860,NA
american nicaraguan school,878160,NA
academia interamericana panama,882191,NA
international sch prt of spain,886253,NA
american school-headmaster,935050,NA
saint annes school-paraguay,935260,NA
escuela campo alegre m-314,950290,NA
colegio intnl de carabobo,950760,NA
international sch of monagas,950824,NA
education & career dev div,980061,NA
pioneer sch exped learning,991521,NA
chinook west,991535,NA
louisiana coll acad accel stdy,995523,NA
alternative diploma program,995530,NA
p.u.s.h. academy,995536,NA
yampa valley high school,996103,A9700765
goal academy,996111,NA
edcsd on-line education,996115,080345006372
